,price,propertyType,size_stand,exterior,rooms,bathrooms,distance_stand,status,floor,hasLift,propertyType_chalet,propertyType_countryHouse,propertyType_duplex,propertyType_flat,propertyType_penthouse,propertyType_studio,exterior_False,exterior_True,rooms_0,rooms_1,rooms_2,rooms_3,rooms_4,bathrooms_1,bathrooms_2,bathrooms_3
0,750.0,699.2690909090627,0.0114430089966669,698.5409252668918,686.5634946466964,696.2628205128204,-0.7140880325609481,698.5391849529777,697.8611002785186,703.5664722555067,0.0,0.0,0.0,1.0,0.0,0.0,0.0,1.0,0.0,1.0,0.0,0.0,0.0,1.0,0.0,0.0
1,750.0,699.2690909090627,0.432211985644941,698.5409252668918,702.1030205355191,696.2628205128204,-0.0409321609082869,698.5391849529777,678.7293846351879,692.4620288280131,0.0,0.0,0.0,1.0,0.0,0.0,0.0,1.0,0.0,0.0,1.0,0.0,0.0,1.0,0.0,0.0
2,590.0,699.2690909090627,0.432211985644941,698.5409252668918,705.865660696275,692.1544016815556,2.948728375347949,698.5391849529777,674.4057218564246,692.4620288280131,0.0,0.0,0.0,1.0,0.0,0.0,0.0,1.0,0.0,0.0,0.0,1.0,0.0,0.0,1.0,0.0
3,684.0,689.9858293313405,-0.6197104559757441,698.5409252668918,691.1211649178501,696.2628205128204,-0.4466142623028255,684.0522266367509,674.4057218564246,676.4782674330042,0.0,0.0,0.0,0.0,0.0,1.0,0.0,1.0,1.0,0.0,0.0,0.0,0.0,1.0,0.0,0.0
4,600.0,699.2690909090627,0.5584426786394233,698.5409252668918,702.1030205355191,696.2628205128204,1.5050056264609175,698.5391849529777,697.8611002785186,692.4620288280131,0.0,0.0,0.0,1.0,0.0,0.0,0.0,1.0,0.0,0.0,1.0,0.0,0.0,1.0,0.0,0.0
5,600.0,693.5688858409724,0.4742888833097685,698.5409252668918,686.5634946466964,696.2628205128204,2.027093140443614,698.5391849529777,705.3356790415805,692.4620288280131,0.0,0.0,1.0,0.0,0.0,0.0,0.0,1.0,0.0,1.0,0.0,0.0,0.0,1.0,0.0,0.0
6,550.0,699.2690909090627,-0.2830952746571248,698.5409252668918,686.5634946466964,696.2628205128204,-0.9379559657225544,698.5391849529777,705.3356790415805,692.4620288280131,0.0,0.0,0.0,1.0,0.0,0.0,0.0,1.0,0.0,1.0,0.0,0.0,0.0,1.0,0.0,0.0
7,700.0,689.9858293313405,-1.33501771627781,698.5409252668918,691.1211649178501,696.2628205128204,-0.822585267912958,698.5391849529777,705.3356790415805,692.4620288280131,0.0,0.0,0.0,0.0,0.0,1.0,0.0,1.0,1.0,0.0,0.0,0.0,0.0,1.0,0.0,0.0
8,700.0,693.5688858409724,1.1054423482821796,698.5409252668918,702.1030205355191,696.2628205128204,1.0682820817095369,698.5391849529777,697.8611002785186,703.5664722555067,0.0,0.0,1.0,0.0,0.0,0.0,0.0,1.0,0.0,0.0,1.0,0.0,0.0,1.0,0.0,0.0
9,700.0,699.2690909090627,-0.6197104559757441,685.0244668457999,686.5634946466964,696.2628205128204,-1.082963851118088,698.5391849529777,700.5459478522897,692.4620288280131,0.0,0.0,0.0,1.0,0.0,0.0,1.0,0.0,0.0,1.0,0.0,0.0,0.0,1.0,0.0,0.0
10,550.0,699.2690909090627,-0.2410183769922974,698.5409252668918,702.1030205355191,696.2628205128204,0.7046537452436724,698.5391849529777,692.6055519261394,692.4620288280131,0.0,0.0,0.0,1.0,0.0,0.0,0.0,1.0,0.0,0.0,1.0,0.0,0.0,1.0,0.0,0.0
11,695.0,699.2690909090627,0.1797505996559766,698.5409252668918,702.1030205355191,696.2628205128204,-0.0703476238988182,698.5391849529777,705.3356790415805,692.4620288280131,0.0,0.0,0.0,1.0,0.0,0.0,0.0,1.0,0.0,0.0,1.0,0.0,0.0,1.0,0.0,0.0
12,650.0,699.2690909090627,0.3480581903152862,698.5409252668918,702.1030205355191,696.2628205128204,1.9002666718713728,698.5391849529777,678.7293846351879,692.4620288280131,0.0,0.0,0.0,1.0,0.0,0.0,0.0,1.0,0.0,0.0,1.0,0.0,0.0,1.0,0.0,0.0
13,700.0,699.2690909090627,-1.2508639209481551,685.0244668457999,686.5634946466964,696.2628205128204,-0.9942001047572137,698.5391849529777,705.3356790415805,703.5664722555067,0.0,0.0,0.0,1.0,0.0,0.0,1.0,0.0,0.0,1.0,0.0,0.0,0.0,1.0,0.0,0.0
14,700.0,699.2690909090627,-1.040479432624018,685.0244668457999,686.5634946466964,696.2628205128204,-1.0941978972853263,698.5391849529777,705.3356790415805,692.4620288280131,0.0,0.0,0.0,1.0,0.0,0.0,1.0,0.0,0.0,1.0,0.0,0.0,0.0,1.0,0.0,0.0
15,700.0,699.2690909090627,-0.7038642513053989,698.5409252668918,686.5634946466964,696.2628205128204,-0.905879807587151,698.5391849529777,705.4414809607034,703.5664722555067,0.0,0.0,0.0,1.0,0.0,0.0,0.0,1.0,0.0,1.0,0.0,0.0,0.0,1.0,0.0,0.0
16,650.0,699.2690909090627,0.0114430089966669,698.5409252668918,702.1030205355191,696.2628205128204,-0.939655854287334,698.5391849529777,705.3356790415805,692.4620288280131,0.0,0.0,0.0,1.0,0.0,0.0,0.0,1.0,0.0,0.0,1.0,0.0,0.0,1.0,0.0,0.0
17,700.0,699.2690909090627,1.9049034039139003,698.5409252668918,705.865660696275,692.1544016815556,2.018002432031967,698.5391849529777,678.7293846351879,692.4620288280131,0.0,0.0,0.0,1.0,0.0,0.0,0.0,1.0,0.0,0.0,0.0,1.0,0.0,0.0,1.0,0.0
18,695.0,699.2690909090627,-0.8300949442998812,685.0244668457999,686.5634946466964,696.2628205128204,-1.066334506462637,698.5391849529777,711.3898966358639,703.5664722555067,0.0,0.0,0.0,1.0,0.0,0.0,1.0,0.0,0.0,1.0,0.0,0.0,0.0,1.0,0.0,0.0
19,675.0,699.2690909090627,-0.8300949442998812,698.5409252668918,686.5634946466964,696.2628205128204,0.5068014979430384,698.5391849529777,678.7293846351879,692.4620288280131,0.0,0.0,0.0,1.0,0.0,0.0,0.0,1.0,0.0,1.0,0.0,0.0,0.0,1.0,0.0,0.0
20,750.0,689.9858293313405,-0.6197104559757441,685.0244668457999,691.1211649178501,696.2628205128204,-1.1582763053576646,698.5391849529777,678.7293846351879,703.5664722555067,0.0,0.0,0.0,0.0,0.0,1.0,1.0,0.0,1.0,0.0,0.0,0.0,0.0,1.0,0.0,0.0
21,750.0,699.2690909090627,1.652442017924936,698.5409252668918,705.865660696275,692.1544016815556,1.980235342614476,698.5391849529777,705.3356790415805,703.5664722555067,0.0,0.0,0.0,1.0,0.0,0.0,0.0,1.0,0.0,0.0,0.0,1.0,0.0,0.0,1.0,0.0
22,680.0,699.2690909090627,-0.914248739629536,685.0244668457999,686.5634946466964,696.2628205128204,-1.042683882952662,698.5391849529777,705.3356790415805,703.5664722555067,0.0,0.0,0.0,1.0,0.0,0.0,1.0,0.0,0.0,1.0,0.0,0.0,0.0,1.0,0.0,0.0
23,750.0,699.2690909090627,-0.3672490699867796,698.5409252668918,686.5634946466964,696.2628205128204,-0.3549680962016727,698.5391849529777,705.3356790415805,703.5664722555067,0.0,0.0,0.0,1.0,0.0,0.0,0.0,1.0,0.0,1.0,0.0,0.0,0.0,1.0,0.0,0.0
24,750.0,689.6015306208776,0.0114430089966669,698.5409252668918,686.5634946466964,696.2628205128204,0.341247133373214,698.5391849529777,705.4414809607034,692.4620288280131,0.0,0.0,0.0,0.0,1.0,0.0,0.0,1.0,0.0,1.0,0.0,0.0,0.0,1.0,0.0,0.0
25,750.0,689.9858293313405,-1.4612484092722922,685.0244668457999,691.1211649178501,696.2628205128204,-1.1947869554011885,698.5391849529777,711.3898966358639,703.5664722555067,0.0,0.0,0.0,0.0,0.0,1.0,1.0,0.0,1.0,0.0,0.0,0.0,0.0,1.0,0.0,0.0
26,750.0,699.2690909090627,-0.8300949442998812,685.0244668457999,686.5634946466964,696.2628205128204,-1.0871766184308025,698.5391849529777,705.3356790415805,692.4620288280131,0.0,0.0,0.0,1.0,0.0,0.0,1.0,0.0,0.0,1.0,0.0,0.0,0.0,1.0,0.0,0.0
27,650.0,699.2690909090627,0.0955968043263218,698.5409252668918,702.1030205355191,696.2628205128204,-0.6546658409921362,698.5391849529777,705.3356790415805,692.4620288280131,0.0,0.0,0.0,1.0,0.0,0.0,0.0,1.0,0.0,0.0,1.0,0.0,0.0,1.0,0.0,0.0
28,750.0,689.9858293313405,-1.2508639209481551,698.5409252668918,691.1211649178501,696.2628205128204,-1.1650758596167825,698.5391849529777,697.8611002785186,692.4620288280131,0.0,0.0,0.0,0.0,0.0,1.0,0.0,1.0,1.0,0.0,0.0,0.0,0.0,1.0,0.0,0.0
29,750.0,699.2690909090627,-0.8721718419647085,685.0244668457999,686.5634946466964,696.2628205128204,-1.083702933102775,698.5391849529777,700.5459478522897,692.4620288280131,0.0,0.0,0.0,1.0,0.0,0.0,1.0,0.0,0.0,1.0,0.0,0.0,0.0,1.0,0.0,0.0
30,700.0,699.2690909090627,0.0955968043263218,698.5409252668918,702.1030205355191,696.2628205128204,-0.606551603789031,698.5391849529777,697.8611002785186,692.4620288280131,0.0,0.0,0.0,1.0,0.0,0.0,0.0,1.0,0.0,0.0,1.0,0.0,0.0,1.0,0.0,0.0
31,747.0,699.2690909090627,1.5262113249304536,698.5409252668918,705.865660696275,692.1544016815556,0.7325910442648302,698.5391849529777,705.3356790415805,703.5664722555067,0.0,0.0,0.0,1.0,0.0,0.0,0.0,1.0,0.0,0.0,0.0,1.0,0.0,0.0,1.0,0.0
32,640.0,689.9858293313405,-1.040479432624018,698.5409252668918,691.1211649178501,696.2628205128204,-0.6928763796004394,698.5391849529777,705.3356790415805,703.5664722555067,0.0,0.0,0.0,0.0,0.0,1.0,0.0,1.0,1.0,0.0,0.0,0.0,0.0,1.0,0.0,0.0
33,750.0,699.2690909090627,-1.2508639209481551,685.0244668457999,686.5634946466964,696.2628205128204,-1.0765338378513138,698.5391849529777,702.9558663434241,703.5664722555067,0.0,0.0,0.0,1.0,0.0,0.0,1.0,0.0,0.0,1.0,0.0,0.0,0.0,1.0,0.0,0.0
34,750.0,699.2690909090627,0.432211985644941,698.5409252668918,702.1030205355191,696.2628205128204,0.8872069954612913,698.5391849529777,705.4414809607034,703.5664722555067,0.0,0.0,0.0,1.0,0.0,0.0,0.0,1.0,0.0,0.0,1.0,0.0,0.0,1.0,0.0,0.0
35,625.0,699.2690909090627,-0.3251721723219523,698.5409252668918,702.1030205355191,696.2628205128204,1.7550370618804336,698.5391849529777,705.4414809607034,692.4620288280131,0.0,0.0,0.0,1.0,0.0,0.0,0.0,1.0,0.0,0.0,1.0,0.0,0.0,1.0,0.0,0.0
36,700.0,689.9858293313405,-0.8300949442998812,698.5409252668918,691.1211649178501,696.2628205128204,-1.1284173931763213,698.5391849529777,697.8611002785186,703.5664722555067,0.0,0.0,0.0,0.0,0.0,1.0,0.0,1.0,1.0,0.0,0.0,0.0,0.0,1.0,0.0,0.0
37,750.0,689.9858293313405,-0.8300949442998812,698.5409252668918,691.1211649178501,696.2628205128204,-1.0555439094862111,698.5391849529777,692.6055519261394,703.5664722555067,0.0,0.0,0.0,0.0,0.0,1.0,0.0,1.0,1.0,0.0,0.0,0.0,0.0,1.0,0.0,0.0
38,650.0,699.2690909090627,-1.040479432624018,685.0244668457999,686.5634946466964,696.2628205128204,-1.1513289347016096,698.5391849529777,705.4414809607034,703.5664722555067,0.0,0.0,0.0,1.0,0.0,0.0,1.0,0.0,0.0,1.0,0.0,0.0,0.0,1.0,0.0,0.0
39,720.0,699.2690909090627,0.432211985644941,698.5409252668918,705.865660696275,696.2628205128204,0.9164746420548852,698.5391849529777,705.4414809607034,692.4620288280131,0.0,0.0,0.0,1.0,0.0,0.0,0.0,1.0,0.0,0.0,0.0,1.0,0.0,1.0,0.0,0.0
40,699.0,699.2690909090627,-0.3251721723219523,698.5409252668918,686.5634946466964,696.2628205128204,-0.7100230816451713,698.5391849529777,697.8611002785186,703.5664722555067,0.0,0.0,0.0,1.0,0.0,0.0,0.0,1.0,0.0,1.0,0.0,0.0,0.0,1.0,0.0,0.0
41,750.0,699.2690909090627,0.221827497320804,698.5409252668918,702.1030205355191,696.2628205128204,-0.2673868810162968,698.5391849529777,674.4057218564246,703.5664722555067,0.0,0.0,0.0,1.0,0.0,0.0,0.0,1.0,0.0,0.0,1.0,0.0,0.0,1.0,0.0,0.0
42,695.0,699.2690909090627,0.221827497320804,698.5409252668918,702.1030205355191,696.2628205128204,-0.20656043367658,698.5391849529777,674.4057218564246,703.5664722555067,0.0,0.0,0.0,1.0,0.0,0.0,0.0,1.0,0.0,0.0,1.0,0.0,0.0,1.0,0.0,0.0
43,750.0,699.2690909090627,0.7688271669635603,698.5409252668918,702.1030205355191,692.1544016815556,0.2232157404187454,698.5391849529777,674.4057218564246,703.5664722555067,0.0,0.0,0.0,1.0,0.0,0.0,0.0,1.0,0.0,0.0,1.0,0.0,0.0,0.0,1.0,0.0
44,620.0,699.2690909090627,0.0114430089966669,698.5409252668918,702.1030205355191,696.2628205128204,-0.6443186932065221,698.5391849529777,674.4057218564246,692.4620288280131,0.0,0.0,0.0,1.0,0.0,0.0,0.0,1.0,0.0,0.0,1.0,0.0,0.0,1.0,0.0,0.0
45,500.0,689.9858293313405,-1.33501771627781,685.0244668457999,691.1211649178501,696.2628205128204,-1.177344620562582,698.5391849529777,705.3356790415805,692.4620288280131,0.0,0.0,0.0,0.0,0.0,1.0,1.0,0.0,1.0,0.0,0.0,0.0,0.0,1.0,0.0,0.0
46,550.0,699.2690909090627,-0.914248739629536,698.5409252668918,686.5634946466964,696.2628205128204,-0.4257721503346601,698.5391849529777,674.4057218564246,692.4620288280131,0.0,0.0,0.0,1.0,0.0,0.0,0.0,1.0,0.0,1.0,0.0,0.0,0.0,1.0,0.0,0.0
47,750.0,699.2690909090627,-0.5776335583109167,685.0244668457999,686.5634946466964,696.2628205128204,-1.125091524245231,698.5391849529777,697.8611002785186,703.5664722555067,0.0,0.0,0.0,1.0,0.0,0.0,1.0,0.0,0.0,1.0,0.0,0.0,0.0,1.0,0.0,0.0
48,680.0,689.9858293313405,-0.19894147932747,698.5409252668918,691.1211649178501,696.2628205128204,-0.8574699375901711,698.5391849529777,678.7293846351879,692.4620288280131,0.0,0.0,0.0,0.0,0.0,1.0,0.0,1.0,1.0,0.0,0.0,0.0,0.0,1.0,0.0,0.0
49,700.0,699.2690909090627,-0.409325967651607,698.5409252668918,686.5634946466964,692.1544016815556,1.1347255521328723,684.0522266367509,674.4057218564246,676.4782674330042,0.0,0.0,0.0,1.0,0.0,0.0,0.0,1.0,0.0,1.0,0.0,0.0,0.0,0.0,1.0,0.0
50,750.0,693.5688858409724,-1.040479432624018,698.5409252668918,686.5634946466964,696.2628205128204,-0.9350735459822764,684.0522266367509,674.4057218564246,676.4782674330042,0.0,0.0,1.0,0.0,0.0,0.0,0.0,1.0,0.0,1.0,0.0,0.0,0.0,1.0,0.0,0.0
51,750.0,699.2690909090627,0.2639043949856314,698.5409252668918,702.1030205355191,696.2628205128204,-0.2503879953685023,698.5391849529777,705.3356790415805,703.5664722555067,0.0,0.0,0.0,1.0,0.0,0.0,0.0,1.0,0.0,0.0,1.0,0.0,0.0,1.0,0.0,0.0
52,650.0,699.2690909090627,0.221827497320804,698.5409252668918,686.5634946466964,696.2628205128204,0.9416773377327023,698.5391849529777,692.6055519261394,703.5664722555067,0.0,0.0,0.0,1.0,0.0,0.0,0.0,1.0,0.0,1.0,0.0,0.0,0.0,1.0,0.0,0.0
53,720.0,699.2690909090627,3.083056538529068,685.0244668457999,705.865660696275,692.1544016815556,0.2035561596260787,698.5391849529777,705.3356790415805,703.5664722555067,0.0,0.0,0.0,1.0,0.0,0.0,1.0,0.0,0.0,0.0,0.0,1.0,0.0,0.0,1.0,0.0
54,600.0,699.2690909090627,-0.409325967651607,698.5409252668918,686.5634946466964,696.2628205128204,0.5713972634046575,698.5391849529777,674.4057218564246,703.5664722555067,0.0,0.0,0.0,1.0,0.0,0.0,0.0,1.0,0.0,1.0,0.0,0.0,0.0,1.0,0.0,0.0
55,650.0,699.2690909090627,0.0535199066614944,698.5409252668918,686.5634946466964,696.2628205128204,1.344181386593088,698.5391849529777,705.4414809607034,703.5664722555067,0.0,0.0,0.0,1.0,0.0,0.0,0.0,1.0,0.0,1.0,0.0,0.0,0.0,1.0,0.0,0.0
56,650.0,699.2690909090627,0.221827497320804,685.0244668457999,702.1030205355191,696.2628205128204,-0.3815011394519258,698.5391849529777,697.8611002785186,692.4620288280131,0.0,0.0,0.0,1.0,0.0,0.0,1.0,0.0,0.0,0.0,1.0,0.0,0.0,1.0,0.0,0.0
57,700.0,699.2690909090627,-0.6197104559757441,698.5409252668918,686.5634946466964,696.2628205128204,-0.3235571118524872,698.5391849529777,697.8611002785186,692.4620288280131,0.0,0.0,0.0,1.0,0.0,0.0,0.0,1.0,0.0,1.0,0.0,0.0,0.0,1.0,0.0,0.0
58,625.0,699.2690909090627,0.0955968043263218,698.5409252668918,702.1030205355191,696.2628205128204,-0.3719669818494672,698.5391849529777,678.7293846351879,692.4620288280131,0.0,0.0,0.0,1.0,0.0,0.0,0.0,1.0,0.0,0.0,1.0,0.0,0.0,1.0,0.0,0.0
59,595.0,699.2690909090627,-0.6197104559757441,698.5409252668918,686.5634946466964,696.2628205128204,-0.8984150795418152,698.5391849529777,678.7293846351879,692.4620288280131,0.0,0.0,0.0,1.0,0.0,0.0,0.0,1.0,0.0,1.0,0.0,0.0,0.0,1.0,0.0,0.0
60,650.0,699.2690909090627,-0.19894147932747,698.5409252668918,686.5634946466964,696.2628205128204,-0.4585134822562816,698.5391849529777,711.3898966358639,703.5664722555067,0.0,0.0,0.0,1.0,0.0,0.0,0.0,1.0,0.0,1.0,0.0,0.0,0.0,1.0,0.0,0.0
61,725.0,699.2690909090627,-0.409325967651607,698.5409252668918,686.5634946466964,696.2628205128204,-0.6644956313884695,698.5391849529777,705.4414809607034,703.5664722555067,0.0,0.0,0.0,1.0,0.0,0.0,0.0,1.0,0.0,1.0,0.0,0.0,0.0,1.0,0.0,0.0
62,750.0,699.2690909090627,1.4841344272656265,698.5409252668918,705.865660696275,696.2628205128204,0.8709471917981836,698.5391849529777,700.4685595933847,703.5664722555067,0.0,0.0,0.0,1.0,0.0,0.0,0.0,1.0,0.0,0.0,0.0,1.0,0.0,1.0,0.0,0.0
63,700.0,689.6015306208776,-1.2508639209481551,698.5409252668918,686.5634946466964,696.2628205128204,-0.3436601418359659,698.5391849529777,705.3356790415805,703.5664722555067,0.0,0.0,0.0,0.0,1.0,0.0,0.0,1.0,0.0,1.0,0.0,0.0,0.0,1.0,0.0,0.0
64,700.0,699.2690909090627,-1.3770946139426374,685.0244668457999,686.5634946466964,696.2628205128204,-1.131373721115068,698.5391849529777,697.8611002785186,692.4620288280131,0.0,0.0,0.0,1.0,0.0,0.0,1.0,0.0,0.0,1.0,0.0,0.0,0.0,1.0,0.0,0.0
65,650.0,699.2690909090627,-0.0306338886681604,698.5409252668918,702.1030205355191,696.2628205128204,1.0246023364145518,698.5391849529777,705.3356790415805,703.5664722555067,0.0,0.0,0.0,1.0,0.0,0.0,0.0,1.0,0.0,0.0,1.0,0.0,0.0,1.0,0.0,0.0
66,550.0,699.2690909090627,-0.8300949442998812,698.5409252668918,686.5634946466964,696.2628205128204,0.0776904976339309,698.5391849529777,697.8611002785186,703.5664722555067,0.0,0.0,0.0,1.0,0.0,0.0,0.0,1.0,0.0,1.0,0.0,0.0,0.0,1.0,0.0,0.0
67,650.0,699.2690909090627,-0.19894147932747,698.5409252668918,686.5634946466964,696.2628205128204,-0.4732212137515473,698.5391849529777,711.3898966358639,703.5664722555067,0.0,0.0,0.0,1.0,0.0,0.0,0.0,1.0,0.0,1.0,0.0,0.0,0.0,1.0,0.0,0.0
68,750.0,699.2690909090627,0.221827497320804,698.5409252668918,702.1030205355191,696.2628205128204,-0.8217722777298027,698.5391849529777,674.4057218564246,703.5664722555067,0.0,0.0,0.0,1.0,0.0,0.0,0.0,1.0,0.0,0.0,1.0,0.0,0.0,1.0,0.0,0.0
69,725.0,699.2690909090627,0.432211985644941,698.5409252668918,702.1030205355191,696.2628205128204,-0.9298999720894692,698.5391849529777,674.4057218564246,703.5664722555067,0.0,0.0,0.0,1.0,0.0,0.0,0.0,1.0,0.0,0.0,1.0,0.0,0.0,1.0,0.0,0.0
70,700.0,699.2690909090627,0.8529809622932151,698.5409252668918,686.5634946466964,696.2628205128204,0.9431555017020756,698.5391849529777,705.3356790415805,692.4620288280131,0.0,0.0,0.0,1.0,0.0,0.0,0.0,1.0,0.0,1.0,0.0,0.0,0.0,1.0,0.0,0.0
71,650.0,699.2690909090627,-0.8300949442998812,698.5409252668918,686.5634946466964,696.2628205128204,-0.3307262071039484,698.5391849529777,678.7293846351879,703.5664722555067,0.0,0.0,0.0,1.0,0.0,0.0,0.0,1.0,0.0,1.0,0.0,0.0,0.0,1.0,0.0,0.0
72,695.0,699.2690909090627,1.2737499389414892,698.5409252668918,705.865660696275,696.2628205128204,-0.6629435592206274,698.5391849529777,674.4057218564246,692.4620288280131,0.0,0.0,0.0,1.0,0.0,0.0,0.0,1.0,0.0,0.0,0.0,1.0,0.0,1.0,0.0,0.0
73,750.0,699.2690909090627,-0.19894147932747,698.5409252668918,686.5634946466964,696.2628205128204,-0.7894743949989932,698.5391849529777,674.4057218564246,692.4620288280131,0.0,0.0,0.0,1.0,0.0,0.0,0.0,1.0,0.0,1.0,0.0,0.0,0.0,1.0,0.0,0.0
74,650.0,699.2690909090627,0.221827497320804,698.5409252668918,702.1030205355191,696.2628205128204,-0.6755079529603015,698.5391849529777,674.4057218564246,703.5664722555067,0.0,0.0,0.0,1.0,0.0,0.0,0.0,1.0,0.0,0.0,1.0,0.0,0.0,1.0,0.0,0.0
75,666.0,699.2690909090627,0.432211985644941,698.5409252668918,686.5634946466964,692.1544016815556,0.6033256051431236,698.5391849529777,705.3356790415805,703.5664722555067,0.0,0.0,0.0,1.0,0.0,0.0,0.0,1.0,0.0,1.0,0.0,0.0,0.0,0.0,1.0,0.0
76,750.0,699.2690909090627,0.7688271669635603,698.5409252668918,702.1030205355191,692.1544016815556,0.9812921321119104,698.5391849529777,674.4057218564246,703.5664722555067,0.0,0.0,0.0,1.0,0.0,0.0,0.0,1.0,0.0,0.0,1.0,0.0,0.0,0.0,1.0,0.0
77,630.0,699.2690909090627,0.6005195763042507,698.5409252668918,705.865660696275,696.2628205128204,1.4622127795475566,698.5391849529777,674.4057218564246,703.5664722555067,0.0,0.0,0.0,1.0,0.0,0.0,0.0,1.0,0.0,0.0,0.0,1.0,0.0,1.0,0.0,0.0
78,635.0,689.9858293313405,-0.19894147932747,698.5409252668918,691.1211649178501,696.2628205128204,-0.160441717832129,698.5391849529777,705.4414809607034,703.5664722555067,0.0,0.0,0.0,0.0,0.0,1.0,0.0,1.0,1.0,0.0,0.0,0.0,0.0,1.0,0.0,0.0
79,725.0,699.2690909090627,0.3901350879801136,698.5409252668918,702.1030205355191,696.2628205128204,1.4185330342525715,698.5391849529777,705.3356790415805,703.5664722555067,0.0,0.0,0.0,1.0,0.0,0.0,0.0,1.0,0.0,0.0,1.0,0.0,0.0,1.0,0.0,0.0
80,750.0,699.2690909090627,-1.040479432624018,685.0244668457999,686.5634946466964,696.2628205128204,-1.1706928827004015,698.5391849529777,705.3356790415805,692.4620288280131,0.0,0.0,0.0,1.0,0.0,0.0,1.0,0.0,0.0,1.0,0.0,0.0,0.0,1.0,0.0,0.0
81,690.0,699.2690909090627,0.221827497320804,698.5409252668918,702.1030205355191,696.2628205128204,-0.8850376956189856,698.5391849529777,697.8611002785186,692.4620288280131,0.0,0.0,0.0,1.0,0.0,0.0,0.0,1.0,0.0,0.0,1.0,0.0,0.0,1.0,0.0,0.0
82,700.0,689.9858293313405,-1.2508639209481551,685.0244668457999,691.1211649178501,696.2628205128204,-1.1572415905791031,698.5391849529777,705.4414809607034,703.5664722555067,0.0,0.0,0.0,0.0,0.0,1.0,1.0,0.0,1.0,0.0,0.0,0.0,0.0,1.0,0.0,0.0
83,730.0,699.2690909090627,0.1797505996559766,698.5409252668918,705.865660696275,696.2628205128204,0.26135237082858,698.5391849529777,705.3356790415805,692.4620288280131,0.0,0.0,0.0,1.0,0.0,0.0,0.0,1.0,0.0,0.0,0.0,1.0,0.0,1.0,0.0,0.0
84,750.0,699.2690909090627,-0.3672490699867796,698.5409252668918,686.5634946466964,696.2628205128204,-0.9802314552466348,698.5391849529777,705.3356790415805,703.5664722555067,0.0,0.0,0.0,1.0,0.0,0.0,0.0,1.0,0.0,1.0,0.0,0.0,0.0,1.0,0.0,0.0
85,750.0,699.2690909090627,-0.4934797629812619,685.0244668457999,686.5634946466964,696.2628205128204,0.2828596565829634,698.5391849529777,711.3898966358639,703.5664722555067,0.0,0.0,0.0,1.0,0.0,0.0,1.0,0.0,0.0,1.0,0.0,0.0,0.0,1.0,0.0,0.0
86,690.0,699.2690909090627,-1.040479432624018,698.5409252668918,686.5634946466964,696.2628205128204,-0.8792728561384292,698.5391849529777,674.4057218564246,692.4620288280131,0.0,0.0,0.0,1.0,0.0,0.0,0.0,1.0,0.0,1.0,0.0,0.0,0.0,1.0,0.0,0.0
87,750.0,699.2690909090627,0.6005195763042507,698.5409252668918,705.865660696275,696.2628205128204,-0.2721170057182918,698.5391849529777,711.3898966358639,703.5664722555067,0.0,0.0,0.0,1.0,0.0,0.0,0.0,1.0,0.0,0.0,0.0,1.0,0.0,1.0,0.0,0.0
88,700.0,693.5688858409724,-1.040479432624018,698.5409252668918,686.5634946466964,696.2628205128204,-1.1712102400896822,698.5391849529777,678.7293846351879,692.4620288280131,0.0,0.0,1.0,0.0,0.0,0.0,0.0,1.0,0.0,1.0,0.0,0.0,0.0,1.0,0.0,0.0
89,720.0,699.2690909090627,-0.7459411489702263,698.5409252668918,686.5634946466964,696.2628205128204,-0.6183030073455497,698.5391849529777,711.3898966358639,703.5664722555067,0.0,0.0,0.0,1.0,0.0,0.0,0.0,1.0,0.0,1.0,0.0,0.0,0.0,1.0,0.0,0.0
90,595.0,699.2690909090627,-0.19894147932747,698.5409252668918,686.5634946466964,696.2628205128204,0.9608195611360882,698.5391849529777,705.3356790415805,692.4620288280131,0.0,0.0,0.0,1.0,0.0,0.0,0.0,1.0,0.0,1.0,0.0,0.0,0.0,1.0,0.0,0.0
91,700.0,699.2690909090627,-0.6197104559757441,685.0244668457999,686.5634946466964,696.2628205128204,-1.151920200289359,698.5391849529777,705.3356790415805,692.4620288280131,0.0,0.0,0.0,1.0,0.0,0.0,1.0,0.0,0.0,1.0,0.0,0.0,0.0,1.0,0.0,0.0
92,500.0,699.2690909090627,-0.6197104559757441,698.5409252668918,686.5634946466964,696.2628205128204,1.144777067124612,698.5391849529777,674.4057218564246,692.4620288280131,0.0,0.0,0.0,1.0,0.0,0.0,0.0,1.0,0.0,1.0,0.0,0.0,0.0,1.0,0.0,0.0
93,700.0,699.2690909090627,0.642596473969078,698.5409252668918,702.1030205355191,696.2628205128204,2.011498510566724,698.5391849529777,705.3356790415805,692.4620288280131,0.0,0.0,0.0,1.0,0.0,0.0,0.0,1.0,0.0,0.0,1.0,0.0,0.0,1.0,0.0,0.0
94,675.0,693.5688858409724,1.147519245947007,698.5409252668918,702.1030205355191,692.1544016815556,2.054956531266303,698.5391849529777,705.4414809607034,692.4620288280131,0.0,0.0,1.0,0.0,0.0,0.0,0.0,1.0,0.0,0.0,1.0,0.0,0.0,0.0,1.0,0.0
95,650.0,699.2690909090627,-0.6197104559757441,698.5409252668918,686.5634946466964,696.2628205128204,1.5551892932211455,698.5391849529777,678.7293846351879,692.4620288280131,0.0,0.0,0.0,1.0,0.0,0.0,0.0,1.0,0.0,1.0,0.0,0.0,0.0,1.0,0.0,0.0
96,750.0,689.9858293313405,-0.19894147932747,698.5409252668918,691.1211649178501,696.2628205128204,-1.16633229899075,698.5391849529777,705.4414809607034,703.5664722555067,0.0,0.0,0.0,0.0,0.0,1.0,0.0,1.0,1.0,0.0,0.0,0.0,0.0,1.0,0.0,0.0
97,720.0,689.9858293313405,-0.6197104559757441,698.5409252668918,691.1211649178501,696.2628205128204,-0.0935547982179811,698.5391849529777,700.5459478522897,703.5664722555067,0.0,0.0,0.0,0.0,0.0,1.0,0.0,1.0,1.0,0.0,0.0,0.0,0.0,1.0,0.0,0.0
98,624.0,699.2690909090627,-0.6197104559757441,698.5409252668918,686.5634946466964,696.2628205128204,0.5453076693452164,689.4120892789232,674.4057218564246,703.5664722555067,0.0,0.0,0.0,1.0,0.0,0.0,0.0,1.0,0.0,1.0,0.0,0.0,0.0,1.0,0.0,0.0
99,633.0,699.2690909090627,-0.6197104559757441,698.5409252668918,686.5634946466964,696.2628205128204,0.5453076693452164,689.4120892789232,674.4057218564246,703.5664722555067,0.0,0.0,0.0,1.0,0.0,0.0,0.0,1.0,0.0,1.0,0.0,0.0,0.0,1.0,0.0,0.0
100,640.0,689.9858293313405,-1.124633227953673,698.5409252668918,691.1211649178501,696.2628205128204,-0.4072211925190235,698.5391849529777,705.4414809607034,703.5664722555067,0.0,0.0,0.0,0.0,0.0,1.0,0.0,1.0,1.0,0.0,0.0,0.0,0.0,1.0,0.0,0.0
101,645.0,699.2690909090627,1.0212885529525249,698.5409252668918,702.1030205355191,692.1544016815556,2.004994589101481,698.5391849529777,705.4414809607034,703.5664722555067,0.0,0.0,0.0,1.0,0.0,0.0,0.0,1.0,0.0,0.0,1.0,0.0,0.0,0.0,1.0,0.0
102,750.0,699.2690909090627,-0.5776335583109167,685.0244668457999,686.5634946466964,696.2628205128204,-1.1551721610219805,698.5391849529777,697.8611002785186,692.4620288280131,0.0,0.0,0.0,1.0,0.0,0.0,1.0,0.0,0.0,1.0,0.0,0.0,0.0,1.0,0.0,0.0
103,735.0,689.9858293313405,-1.040479432624018,698.5409252668918,691.1211649178501,696.2628205128204,-0.4146859205643594,698.5391849529777,705.3356790415805,703.5664722555067,0.0,0.0,0.0,0.0,0.0,1.0,0.0,1.0,1.0,0.0,0.0,0.0,0.0,1.0,0.0,0.0
104,600.0,699.2690909090627,-0.19894147932747,698.5409252668918,686.5634946466964,696.2628205128204,0.6274935860423793,684.0522266367509,674.4057218564246,676.4782674330042,0.0,0.0,0.0,1.0,0.0,0.0,0.0,1.0,0.0,1.0,0.0,0.0,0.0,1.0,0.0,0.0
105,750.0,699.2690909090627,0.642596473969078,698.5409252668918,705.865660696275,696.2628205128204,-0.6217766926735773,698.5391849529777,674.4057218564246,692.4620288280131,0.0,0.0,0.0,1.0,0.0,0.0,0.0,1.0,0.0,0.0,0.0,1.0,0.0,1.0,0.0,0.0
106,600.0,689.6015306208776,-1.4612484092722922,698.5409252668918,686.5634946466964,696.2628205128204,-1.2206548248652234,698.5391849529777,700.5459478522897,703.5664722555067,0.0,0.0,0.0,0.0,1.0,0.0,0.0,1.0,0.0,1.0,0.0,0.0,0.0,1.0,0.0,0.0
107,705.0,699.2690909090627,-0.4934797629812619,698.5409252668918,686.5634946466964,696.2628205128204,-0.3863051723523895,698.5391849529777,711.3898966358639,703.5664722555067,0.0,0.0,0.0,1.0,0.0,0.0,0.0,1.0,0.0,1.0,0.0,0.0,0.0,1.0,0.0,0.0
108,650.0,699.2690909090627,0.0955968043263218,698.5409252668918,702.1030205355191,696.2628205128204,1.9607974864172155,698.5391849529777,697.8611002785186,692.4620288280131,0.0,0.0,0.0,1.0,0.0,0.0,0.0,1.0,0.0,0.0,1.0,0.0,0.0,1.0,0.0,0.0
109,700.0,693.5688858409724,0.0535199066614944,698.5409252668918,702.1030205355191,696.2628205128204,0.5334823575902289,698.5391849529777,705.3356790415805,692.4620288280131,0.0,0.0,1.0,0.0,0.0,0.0,0.0,1.0,0.0,0.0,1.0,0.0,0.0,1.0,0.0,0.0
110,650.0,689.9858293313405,-0.8300949442998812,685.0244668457999,691.1211649178501,696.2628205128204,-0.8581351113763891,698.5391849529777,692.6055519261394,703.5664722555067,0.0,0.0,0.0,0.0,0.0,1.0,1.0,0.0,1.0,0.0,0.0,0.0,0.0,1.0,0.0,0.0
111,700.0,699.2690909090627,-0.8300949442998812,698.5409252668918,686.5634946466964,696.2628205128204,-1.0068384066953564,698.5391849529777,678.7293846351879,692.4620288280131,0.0,0.0,0.0,1.0,0.0,0.0,0.0,1.0,0.0,1.0,0.0,0.0,0.0,1.0,0.0,0.0
112,730.0,699.2690909090627,-0.3672490699867796,698.5409252668918,702.1030205355191,696.2628205128204,-0.7340432461474895,698.5391849529777,711.3898966358639,692.4620288280131,0.0,0.0,0.0,1.0,0.0,0.0,0.0,1.0,0.0,0.0,1.0,0.0,0.0,1.0,0.0,0.0
113,750.0,699.2690909090627,-0.409325967651607,698.5409252668918,702.1030205355191,696.2628205128204,-0.618450823742487,698.5391849529777,697.8611002785186,692.4620288280131,0.0,0.0,0.0,1.0,0.0,0.0,0.0,1.0,0.0,0.0,1.0,0.0,0.0,1.0,0.0,0.0
114,680.0,699.2690909090627,-0.1568645816626426,698.5409252668918,702.1030205355191,696.2628205128204,0.1921003888634346,698.5391849529777,697.8611002785186,692.4620288280131,0.0,0.0,0.0,1.0,0.0,0.0,0.0,1.0,0.0,0.0,1.0,0.0,0.0,1.0,0.0,0.0
115,710.0,699.2690909090627,0.7688271669635603,698.5409252668918,705.865660696275,696.2628205128204,0.3634935011122842,698.5391849529777,711.3898966358639,692.4620288280131,0.0,0.0,0.0,1.0,0.0,0.0,0.0,1.0,0.0,0.0,0.0,1.0,0.0,1.0,0.0,0.0
116,720.0,699.2690909090627,-0.5355566606460893,698.5409252668918,702.1030205355191,696.2628205128204,-0.7103187144390459,698.5391849529777,705.3356790415805,692.4620288280131,0.0,0.0,0.0,1.0,0.0,0.0,0.0,1.0,0.0,0.0,1.0,0.0,0.0,1.0,0.0,0.0
117,750.0,689.9858293313405,-0.7038642513053989,698.5409252668918,691.1211649178501,696.2628205128204,-0.8401015109500333,698.5391849529777,674.4057218564246,703.5664722555067,0.0,0.0,0.0,0.0,0.0,1.0,0.0,1.0,1.0,0.0,0.0,0.0,0.0,1.0,0.0,0.0
118,695.0,689.9858293313405,-0.8300949442998812,698.5409252668918,691.1211649178501,696.2628205128204,-0.3194921609367103,698.5391849529777,674.4057218564246,703.5664722555067,0.0,0.0,0.0,0.0,0.0,1.0,0.0,1.0,1.0,0.0,0.0,0.0,0.0,1.0,0.0,0.0
119,630.0,699.2690909090627,-0.2410183769922974,698.5409252668918,686.5634946466964,692.1544016815556,1.1628106675509675,684.0522266367509,674.4057218564246,676.4782674330042,0.0,0.0,0.0,1.0,0.0,0.0,0.0,1.0,0.0,1.0,0.0,0.0,0.0,0.0,1.0,0.0
120,750.0,699.2690909090627,1.2737499389414892,698.5409252668918,705.865660696275,696.2628205128204,0.7170703225864092,698.5391849529777,674.4057218564246,703.5664722555067,0.0,0.0,0.0,1.0,0.0,0.0,0.0,1.0,0.0,0.0,0.0,1.0,0.0,1.0,0.0,0.0
121,730.0,699.2690909090627,-0.409325967651607,698.5409252668918,686.5634946466964,696.2628205128204,-0.5899222591335798,698.5391849529777,705.4414809607034,703.5664722555067,0.0,0.0,0.0,1.0,0.0,0.0,0.0,1.0,0.0,1.0,0.0,0.0,0.0,1.0,0.0,0.0
122,600.0,699.2690909090627,1.2737499389414892,698.5409252668918,705.865660696275,696.2628205128204,0.6269762286530985,698.5391849529777,674.4057218564246,703.5664722555067,0.0,0.0,0.0,1.0,0.0,0.0,0.0,1.0,0.0,0.0,0.0,1.0,0.0,1.0,0.0,0.0
123,650.0,689.9858293313405,-0.6197104559757441,698.5409252668918,691.1211649178501,696.2628205128204,-0.8161552546461837,698.5391849529777,678.7293846351879,703.5664722555067,0.0,0.0,0.0,0.0,0.0,1.0,0.0,1.0,1.0,0.0,0.0,0.0,0.0,1.0,0.0,0.0
124,750.0,699.2690909090627,-0.914248739629536,685.0244668457999,686.5634946466964,696.2628205128204,-1.1994431719047147,698.5391849529777,678.7293846351879,703.5664722555067,0.0,0.0,0.0,1.0,0.0,0.0,1.0,0.0,0.0,1.0,0.0,0.0,0.0,1.0,0.0,0.0
125,730.0,699.2690909090627,-0.409325967651607,698.5409252668918,686.5634946466964,696.2628205128204,-0.0213464883140889,698.5391849529777,674.4057218564246,703.5664722555067,0.0,0.0,0.0,1.0,0.0,0.0,0.0,1.0,0.0,1.0,0.0,0.0,0.0,1.0,0.0,0.0
126,735.0,689.9858293313405,-1.2508639209481551,698.5409252668918,691.1211649178501,696.2628205128204,-0.4072951007174922,698.5391849529777,705.4414809607034,703.5664722555067,0.0,0.0,0.0,0.0,0.0,1.0,0.0,1.0,1.0,0.0,0.0,0.0,0.0,1.0,0.0,0.0
127,610.0,699.2690909090627,0.5163657809745958,685.0244668457999,686.5634946466964,696.2628205128204,0.2102818056867278,698.5391849529777,678.7293846351879,703.5664722555067,0.0,0.0,0.0,1.0,0.0,0.0,1.0,0.0,0.0,1.0,0.0,0.0,0.0,1.0,0.0,0.0
128,580.0,680.8947406545057,-0.2410183769922974,685.0244668457999,705.865660696275,692.1544016815556,1.652156849612043,698.5391849529777,674.4057218564246,676.4782674330042,1.0,0.0,0.0,0.0,0.0,0.0,1.0,0.0,0.0,0.0,0.0,1.0,0.0,0.0,1.0,0.0
129,725.0,699.2690909090627,-0.409325967651607,698.5409252668918,686.5634946466964,696.2628205128204,0.5238742917893016,698.5391849529777,692.6055519261394,692.4620288280131,0.0,0.0,0.0,1.0,0.0,0.0,0.0,1.0,0.0,1.0,0.0,0.0,0.0,1.0,0.0,0.0
130,750.0,699.2690909090627,-0.4934797629812619,698.5409252668918,686.5634946466964,696.2628205128204,-0.8583568359717951,698.5391849529777,705.3356790415805,692.4620288280131,0.0,0.0,0.0,1.0,0.0,0.0,0.0,1.0,0.0,1.0,0.0,0.0,0.0,1.0,0.0,0.0
131,750.0,699.2690909090627,0.432211985644941,698.5409252668918,705.865660696275,696.2628205128204,0.95793714139581,698.5391849529777,705.4414809607034,692.4620288280131,0.0,0.0,0.0,1.0,0.0,0.0,0.0,1.0,0.0,0.0,0.0,1.0,0.0,1.0,0.0,0.0
132,750.0,699.2690909090627,-0.4514028653164345,698.5409252668918,686.5634946466964,696.2628205128204,-0.608547125147685,698.5391849529777,702.9558663434241,703.5664722555067,0.0,0.0,0.0,1.0,0.0,0.0,0.0,1.0,0.0,1.0,0.0,0.0,0.0,1.0,0.0,0.0
133,730.0,699.2690909090627,0.0114430089966669,698.5409252668918,705.865660696275,696.2628205128204,0.3140489163367428,698.5391849529777,697.8611002785186,692.4620288280131,0.0,0.0,0.0,1.0,0.0,0.0,0.0,1.0,0.0,0.0,0.0,1.0,0.0,1.0,0.0,0.0
134,560.0,699.2690909090627,-1.4191715116074648,685.0244668457999,686.5634946466964,696.2628205128204,-1.1879874011420706,698.5391849529777,678.7293846351879,692.4620288280131,0.0,0.0,0.0,1.0,0.0,0.0,1.0,0.0,0.0,1.0,0.0,0.0,0.0,1.0,0.0,0.0
135,700.0,689.9858293313405,-1.545402204601947,698.5409252668918,691.1211649178501,696.2628205128204,-1.1402427049313086,684.0522266367509,674.4057218564246,676.4782674330042,0.0,0.0,0.0,0.0,0.0,1.0,0.0,1.0,1.0,0.0,0.0,0.0,0.0,1.0,0.0,0.0
136,750.0,699.2690909090627,0.8529809622932151,698.5409252668918,705.865660696275,696.2628205128204,-0.126222221941134,698.5391849529777,705.4414809607034,703.5664722555067,0.0,0.0,0.0,1.0,0.0,0.0,0.0,1.0,0.0,0.0,0.0,1.0,0.0,1.0,0.0,0.0
137,730.0,699.2690909090627,0.432211985644941,698.5409252668918,705.865660696275,696.2628205128204,0.1538898502551314,698.5391849529777,697.8611002785186,692.4620288280131,0.0,0.0,0.0,1.0,0.0,0.0,0.0,1.0,0.0,0.0,0.0,1.0,0.0,1.0,0.0,0.0
138,730.0,699.2690909090627,-0.3251721723219523,698.5409252668918,702.1030205355191,696.2628205128204,-0.5817923573020259,698.5391849529777,711.3898966358639,692.4620288280131,0.0,0.0,0.0,1.0,0.0,0.0,0.0,1.0,0.0,0.0,1.0,0.0,0.0,1.0,0.0,0.0
139,740.0,699.2690909090627,0.1797505996559766,698.5409252668918,702.1030205355191,696.2628205128204,-0.6159379449945522,698.5391849529777,697.8611002785186,692.4620288280131,0.0,0.0,0.0,1.0,0.0,0.0,0.0,1.0,0.0,0.0,1.0,0.0,0.0,1.0,0.0,0.0
140,720.0,699.2690909090627,0.221827497320804,698.5409252668918,702.1030205355191,696.2628205128204,-0.6790555464867978,698.5391849529777,705.4414809607034,692.4620288280131,0.0,0.0,0.0,1.0,0.0,0.0,0.0,1.0,0.0,0.0,1.0,0.0,0.0,1.0,0.0,0.0
141,720.0,699.2690909090627,0.1376737019911492,698.5409252668918,702.1030205355191,696.2628205128204,0.2241026388003694,698.5391849529777,705.4414809607034,692.4620288280131,0.0,0.0,0.0,1.0,0.0,0.0,0.0,1.0,0.0,0.0,1.0,0.0,0.0,1.0,0.0,0.0
142,740.0,699.2690909090627,-0.2410183769922974,698.5409252668918,702.1030205355191,696.2628205128204,-0.7437252201468855,698.5391849529777,705.3356790415805,703.5664722555067,0.0,0.0,0.0,1.0,0.0,0.0,0.0,1.0,0.0,0.0,1.0,0.0,0.0,1.0,0.0,0.0
143,720.0,699.2690909090627,-0.3251721723219523,698.5409252668918,702.1030205355191,696.2628205128204,-0.295915445625204,698.5391849529777,697.8611002785186,692.4620288280131,0.0,0.0,0.0,1.0,0.0,0.0,0.0,1.0,0.0,0.0,1.0,0.0,0.0,1.0,0.0,0.0
144,730.0,699.2690909090627,-0.6197104559757441,698.5409252668918,702.1030205355191,696.2628205128204,-0.9100925748998652,698.5391849529777,697.8611002785186,692.4620288280131,0.0,0.0,0.0,1.0,0.0,0.0,0.0,1.0,0.0,0.0,1.0,0.0,0.0,1.0,0.0,0.0
145,600.0,693.5688858409724,0.8529809622932151,685.0244668457999,686.5634946466964,696.2628205128204,-0.7003411076457752,684.0522266367509,674.4057218564246,676.4782674330042,0.0,0.0,1.0,0.0,0.0,0.0,1.0,0.0,0.0,1.0,0.0,0.0,0.0,1.0,0.0,0.0
146,600.0,693.5688858409724,0.8529809622932151,685.0244668457999,686.5634946466964,696.2628205128204,-0.7064015799202062,684.0522266367509,674.4057218564246,676.4782674330042,0.0,0.0,1.0,0.0,0.0,0.0,1.0,0.0,0.0,1.0,0.0,0.0,0.0,1.0,0.0,0.0
147,725.0,693.5688858409724,0.4742888833097685,698.5409252668918,702.1030205355191,696.2628205128204,0.4773860349525071,698.5391849529777,705.3356790415805,692.4620288280131,0.0,0.0,1.0,0.0,0.0,0.0,0.0,1.0,0.0,0.0,1.0,0.0,0.0,1.0,0.0,0.0
148,675.0,699.2690909090627,0.6846733716339055,698.5409252668918,705.865660696275,696.2628205128204,1.979717985225196,698.5391849529777,705.4414809607034,692.4620288280131,0.0,0.0,0.0,1.0,0.0,0.0,0.0,1.0,0.0,0.0,0.0,1.0,0.0,1.0,0.0,0.0
149,750.0,699.2690909090627,-0.2410183769922974,698.5409252668918,686.5634946466964,696.2628205128204,-0.0639176106320438,698.5391849529777,697.8611002785186,703.5664722555067,0.0,0.0,0.0,1.0,0.0,0.0,0.0,1.0,0.0,1.0,0.0,0.0,0.0,1.0,0.0,0.0
150,750.0,693.5688858409724,0.8109040646283877,698.5409252668918,702.1030205355191,692.1544016815556,1.330212737082509,698.5391849529777,705.3356790415805,692.4620288280131,0.0,0.0,1.0,0.0,0.0,0.0,0.0,1.0,0.0,0.0,1.0,0.0,0.0,0.0,1.0,0.0
151,700.0,699.2690909090627,-0.2410183769922974,698.5409252668918,686.5634946466964,696.2628205128204,-0.9862919275210658,698.5391849529777,705.4414809607034,703.5664722555067,0.0,0.0,0.0,1.0,0.0,0.0,0.0,1.0,0.0,1.0,0.0,0.0,0.0,1.0,0.0,0.0
152,750.0,699.2690909090627,-0.2410183769922974,698.5409252668918,702.1030205355191,696.2628205128204,-0.619115997528705,698.5391849529777,697.8611002785186,692.4620288280131,0.0,0.0,0.0,1.0,0.0,0.0,0.0,1.0,0.0,0.0,1.0,0.0,0.0,1.0,0.0,0.0
153,730.0,699.2690909090627,-0.4934797629812619,698.5409252668918,702.1030205355191,696.2628205128204,-0.717044360499695,698.5391849529777,697.8611002785186,692.4620288280131,0.0,0.0,0.0,1.0,0.0,0.0,0.0,1.0,0.0,0.0,1.0,0.0,0.0,1.0,0.0,0.0
154,650.0,699.2690909090627,0.0535199066614944,698.5409252668918,702.1030205355191,696.2628205128204,0.8799639920113616,698.5391849529777,711.3898966358639,692.4620288280131,0.0,0.0,0.0,1.0,0.0,0.0,0.0,1.0,0.0,0.0,1.0,0.0,0.0,1.0,0.0,0.0
155,730.0,699.2690909090627,0.1376737019911492,698.5409252668918,702.1030205355191,696.2628205128204,-0.6508226146717653,698.5391849529777,705.3356790415805,692.4620288280131,0.0,0.0,0.0,1.0,0.0,0.0,0.0,1.0,0.0,0.0,1.0,0.0,0.0,1.0,0.0,0.0
156,720.0,699.2690909090627,-0.409325967651607,698.5409252668918,702.1030205355191,696.2628205128204,-0.7137923997670734,698.5391849529777,705.4414809607034,692.4620288280131,0.0,0.0,0.0,1.0,0.0,0.0,0.0,1.0,0.0,0.0,1.0,0.0,0.0,1.0,0.0,0.0
157,720.0,699.2690909090627,-0.3672490699867796,698.5409252668918,702.1030205355191,696.2628205128204,-0.7188181572629432,698.5391849529777,705.3356790415805,692.4620288280131,0.0,0.0,0.0,1.0,0.0,0.0,0.0,1.0,0.0,0.0,1.0,0.0,0.0,1.0,0.0,0.0
158,750.0,699.2690909090627,-0.5355566606460893,698.5409252668918,702.1030205355191,696.2628205128204,-0.8987846205341585,698.5391849529777,705.3356790415805,692.4620288280131,0.0,0.0,0.0,1.0,0.0,0.0,0.0,1.0,0.0,0.0,1.0,0.0,0.0,1.0,0.0,0.0
159,730.0,699.2690909090627,-0.409325967651607,698.5409252668918,702.1030205355191,696.2628205128204,-0.686446366333665,698.5391849529777,697.8611002785186,692.4620288280131,0.0,0.0,0.0,1.0,0.0,0.0,0.0,1.0,0.0,0.0,1.0,0.0,0.0,1.0,0.0,0.0
160,730.0,699.2690909090627,-0.8300949442998812,698.5409252668918,702.1030205355191,696.2628205128204,-0.9236916834181008,698.5391849529777,705.4414809607034,692.4620288280131,0.0,0.0,0.0,1.0,0.0,0.0,0.0,1.0,0.0,0.0,1.0,0.0,0.0,1.0,0.0,0.0
161,670.0,699.2690909090627,0.3059812926504588,698.5409252668918,702.1030205355191,696.2628205128204,0.6209157563786675,698.5391849529777,705.3356790415805,703.5664722555067,0.0,0.0,0.0,1.0,0.0,0.0,0.0,1.0,0.0,0.0,1.0,0.0,0.0,1.0,0.0,0.0
162,740.0,699.2690909090627,-0.3251721723219523,698.5409252668918,702.1030205355191,696.2628205128204,-0.8748383642303089,698.5391849529777,697.8611002785186,692.4620288280131,0.0,0.0,0.0,1.0,0.0,0.0,0.0,1.0,0.0,0.0,1.0,0.0,0.0,1.0,0.0,0.0
163,720.0,699.2690909090627,0.3901350879801136,698.5409252668918,702.1030205355191,696.2628205128204,0.9153660190778552,698.5391849529777,705.3356790415805,703.5664722555067,0.0,0.0,0.0,1.0,0.0,0.0,0.0,1.0,0.0,0.0,1.0,0.0,0.0,1.0,0.0,0.0
164,750.0,699.2690909090627,-0.0306338886681604,698.5409252668918,702.1030205355191,696.2628205128204,-0.6133511580481488,698.5391849529777,711.3898966358639,692.4620288280131,0.0,0.0,0.0,1.0,0.0,0.0,0.0,1.0,0.0,0.0,1.0,0.0,0.0,1.0,0.0,0.0
165,740.0,699.2690909090627,-0.6197104559757441,698.5409252668918,702.1030205355191,696.2628205128204,-0.6636087330068454,698.5391849529777,697.8611002785186,692.4620288280131,0.0,0.0,0.0,1.0,0.0,0.0,0.0,1.0,0.0,0.0,1.0,0.0,0.0,1.0,0.0,0.0
166,740.0,699.2690909090627,0.0114430089966669,698.5409252668918,702.1030205355191,696.2628205128204,-0.7412123413989506,698.5391849529777,705.3356790415805,703.5664722555067,0.0,0.0,0.0,1.0,0.0,0.0,0.0,1.0,0.0,0.0,1.0,0.0,0.0,1.0,0.0,0.0
167,730.0,689.9858293313405,-0.6197104559757441,685.0244668457999,691.1211649178501,696.2628205128204,-1.1710624236927447,698.5391849529777,674.4057218564246,703.5664722555067,0.0,0.0,0.0,0.0,0.0,1.0,1.0,0.0,1.0,0.0,0.0,0.0,0.0,1.0,0.0,0.0
168,620.0,699.2690909090627,0.642596473969078,698.5409252668918,705.865660696275,696.2628205128204,0.3211441033897353,698.5391849529777,674.4057218564246,703.5664722555067,0.0,0.0,0.0,1.0,0.0,0.0,0.0,1.0,0.0,0.0,0.0,1.0,0.0,1.0,0.0,0.0
169,695.0,699.2690909090627,0.3059812926504588,698.5409252668918,702.1030205355191,696.2628205128204,-0.0434450396562218,698.5391849529777,674.4057218564246,692.4620288280131,0.0,0.0,0.0,1.0,0.0,0.0,0.0,1.0,0.0,0.0,1.0,0.0,0.0,1.0,0.0,0.0
170,650.0,699.2690909090627,1.4841344272656265,698.5409252668918,705.865660696275,696.2628205128204,0.9744925778527924,698.5391849529777,674.4057218564246,703.5664722555067,0.0,0.0,0.0,1.0,0.0,0.0,0.0,1.0,0.0,0.0,0.0,1.0,0.0,1.0,0.0,0.0
171,675.0,699.2690909090627,0.3480581903152862,698.5409252668918,702.1030205355191,696.2628205128204,1.017137608369216,698.5391849529777,674.4057218564246,703.5664722555067,0.0,0.0,0.0,1.0,0.0,0.0,0.0,1.0,0.0,0.0,1.0,0.0,0.0,1.0,0.0,0.0
172,695.0,699.2690909090627,0.221827497320804,698.5409252668918,702.1030205355191,696.2628205128204,-0.6071428693767803,698.5391849529777,674.4057218564246,692.4620288280131,0.0,0.0,0.0,1.0,0.0,0.0,0.0,1.0,0.0,0.0,1.0,0.0,0.0,1.0,0.0,0.0
173,750.0,699.2690909090627,2.1573647899028647,698.5409252668918,702.1030205355191,692.1544016815556,0.2870724238956777,698.5391849529777,700.0446344160715,703.5664722555067,0.0,0.0,0.0,1.0,0.0,0.0,0.0,1.0,0.0,0.0,1.0,0.0,0.0,0.0,1.0,0.0
174,675.0,699.2690909090627,-1.040479432624018,685.0244668457999,686.5634946466964,696.2628205128204,-1.15908929554082,684.0522266367509,674.4057218564246,676.4782674330042,0.0,0.0,0.0,1.0,0.0,0.0,1.0,0.0,0.0,1.0,0.0,0.0,0.0,1.0,0.0,0.0
175,730.0,699.2690909090627,0.0114430089966669,685.0244668457999,705.865660696275,696.2628205128204,0.2998585422307579,698.5391849529777,697.8611002785186,692.4620288280131,0.0,0.0,0.0,1.0,0.0,0.0,1.0,0.0,0.0,0.0,0.0,1.0,0.0,1.0,0.0,0.0
176,690.0,699.2690909090627,1.0633654506173522,698.5409252668918,702.1030205355191,696.2628205128204,0.3034061357572541,698.5391849529777,674.4057218564246,703.5664722555067,0.0,0.0,0.0,1.0,0.0,0.0,0.0,1.0,0.0,0.0,1.0,0.0,0.0,1.0,0.0,0.0
177,750.0,699.2690909090627,-0.6197104559757441,685.0244668457999,686.5634946466964,696.2628205128204,-0.8580612031779205,698.5391849529777,678.7293846351879,692.4620288280131,0.0,0.0,0.0,1.0,0.0,0.0,1.0,0.0,0.0,1.0,0.0,0.0,0.0,1.0,0.0,0.0
178,600.0,689.9858293313405,-1.1667101256185004,698.5409252668918,691.1211649178501,696.2628205128204,-0.7667106698706423,698.5391849529777,705.3356790415805,703.5664722555067,0.0,0.0,0.0,0.0,0.0,1.0,0.0,1.0,1.0,0.0,0.0,0.0,0.0,1.0,0.0,0.0
179,723.0,689.9858293313405,-1.4612484092722922,698.5409252668918,691.1211649178501,696.2628205128204,0.0056300041269761,689.4120892789232,674.4057218564246,703.5664722555067,0.0,0.0,0.0,0.0,0.0,1.0,0.0,1.0,1.0,0.0,0.0,0.0,0.0,1.0,0.0,0.0
180,725.0,699.2690909090627,-0.409325967651607,698.5409252668918,686.5634946466964,696.2628205128204,-0.4579222166685323,698.5391849529777,705.3356790415805,703.5664722555067,0.0,0.0,0.0,1.0,0.0,0.0,0.0,1.0,0.0,1.0,0.0,0.0,0.0,1.0,0.0,0.0
181,750.0,699.2690909090627,0.3059812926504588,698.5409252668918,705.865660696275,696.2628205128204,-0.3726321556356852,684.0522266367509,674.4057218564246,676.4782674330042,0.0,0.0,0.0,1.0,0.0,0.0,0.0,1.0,0.0,0.0,0.0,1.0,0.0,1.0,0.0,0.0
182,600.0,699.2690909090627,-0.6197104559757441,698.5409252668918,702.1030205355191,696.2628205128204,1.7962778366259524,684.0522266367509,674.4057218564246,676.4782674330042,0.0,0.0,0.0,1.0,0.0,0.0,0.0,1.0,0.0,0.0,1.0,0.0,0.0,1.0,0.0,0.0
183,750.0,699.2690909090627,0.432211985644941,698.5409252668918,705.865660696275,696.2628205128204,-0.1520161832067004,698.5391849529777,705.4414809607034,692.4620288280131,0.0,0.0,0.0,1.0,0.0,0.0,0.0,1.0,0.0,0.0,0.0,1.0,0.0,1.0,0.0,0.0
184,720.0,699.2690909090627,-0.2410183769922974,698.5409252668918,686.5634946466964,696.2628205128204,-0.9905786030322488,698.5391849529777,678.7293846351879,692.4620288280131,0.0,0.0,0.0,1.0,0.0,0.0,0.0,1.0,0.0,1.0,0.0,0.0,0.0,1.0,0.0,0.0
185,550.0,689.6015306208776,0.642596473969078,698.5409252668918,702.1030205355191,692.1544016815556,2.701209818676368,698.5391849529777,674.4057218564246,692.4620288280131,0.0,0.0,0.0,0.0,1.0,0.0,0.0,1.0,0.0,0.0,1.0,0.0,0.0,0.0,1.0,0.0
186,720.0,699.2690909090627,-0.4514028653164345,685.0244668457999,705.865660696275,696.2628205128204,-0.6125381678649934,698.5391849529777,697.8611002785186,692.4620288280131,0.0,0.0,0.0,1.0,0.0,0.0,1.0,0.0,0.0,0.0,0.0,1.0,0.0,1.0,0.0,0.0
187,740.0,699.2690909090627,0.221827497320804,698.5409252668918,705.865660696275,696.2628205128204,-0.6101731055139958,698.5391849529777,705.3356790415805,703.5664722555067,0.0,0.0,0.0,1.0,0.0,0.0,0.0,1.0,0.0,0.0,0.0,1.0,0.0,1.0,0.0,0.0
188,660.0,699.2690909090627,4.008748287155271,685.0244668457999,705.865660696275,692.1544016815556,1.8048511876483184,684.0522266367509,674.4057218564246,676.4782674330042,0.0,0.0,0.0,1.0,0.0,0.0,1.0,0.0,0.0,0.0,0.0,1.0,0.0,0.0,1.0,0.0
189,720.0,699.2690909090627,-0.1568645816626426,685.0244668457999,702.1030205355191,696.2628205128204,-0.7396602692311085,698.5391849529777,711.3898966358639,692.4620288280131,0.0,0.0,0.0,1.0,0.0,0.0,1.0,0.0,0.0,0.0,1.0,0.0,0.0,1.0,0.0,0.0
190,650.0,699.2690909090627,-1.2087870232833278,685.0244668457999,686.5634946466964,696.2628205128204,-1.1449728296333035,698.5391849529777,697.8611002785186,692.4620288280131,0.0,0.0,0.0,1.0,0.0,0.0,1.0,0.0,0.0,1.0,0.0,0.0,0.0,1.0,0.0,0.0
191,650.0,699.2690909090627,1.5262113249304536,698.5409252668918,702.1030205355191,696.2628205128204,2.0143070221085337,698.5391849529777,697.8611002785186,692.4620288280131,0.0,0.0,0.0,1.0,0.0,0.0,0.0,1.0,0.0,0.0,1.0,0.0,0.0,1.0,0.0,0.0
192,660.0,699.2690909090627,4.555747956798027,685.0244668457999,698.609366397719,692.1544016815556,1.8123898238921228,698.5391849529777,697.8611002785186,703.5664722555067,0.0,0.0,0.0,1.0,0.0,0.0,1.0,0.0,0.0,0.0,0.0,0.0,1.0,0.0,1.0,0.0
193,690.0,699.2690909090627,0.1797505996559766,698.5409252668918,702.1030205355191,696.2628205128204,1.0299237267042962,698.5391849529777,678.7293846351879,692.4620288280131,0.0,0.0,0.0,1.0,0.0,0.0,0.0,1.0,0.0,0.0,1.0,0.0,0.0,1.0,0.0,0.0
194,750.0,689.9858293313405,-1.4612484092722922,698.5409252668918,691.1211649178501,696.2628205128204,-0.9993736786500206,698.5391849529777,700.5459478522897,703.5664722555067,0.0,0.0,0.0,0.0,0.0,1.0,0.0,1.0,1.0,0.0,0.0,0.0,0.0,1.0,0.0,0.0
195,725.0,699.2690909090627,-0.6197104559757441,698.5409252668918,686.5634946466964,696.2628205128204,-0.4575526756761889,698.5391849529777,705.4414809607034,703.5664722555067,0.0,0.0,0.0,1.0,0.0,0.0,0.0,1.0,0.0,1.0,0.0,0.0,0.0,1.0,0.0,0.0
196,620.0,699.2690909090627,1.0633654506173522,685.0244668457999,686.5634946466964,696.2628205128204,0.2267633339452416,698.5391849529777,678.7293846351879,703.5664722555067,0.0,0.0,0.0,1.0,0.0,0.0,1.0,0.0,0.0,1.0,0.0,0.0,0.0,1.0,0.0,0.0
197,590.0,699.2690909090627,-0.3251721723219523,698.5409252668918,686.5634946466964,696.2628205128204,2.0566564198310826,698.5391849529777,678.7293846351879,692.4620288280131,0.0,0.0,0.0,1.0,0.0,0.0,0.0,1.0,0.0,1.0,0.0,0.0,0.0,1.0,0.0,0.0
198,750.0,689.6015306208776,0.8529809622932151,698.5409252668918,691.1211649178501,696.2628205128204,0.3044408505358155,698.5391849529777,705.3356790415805,703.5664722555067,0.0,0.0,0.0,0.0,1.0,0.0,0.0,1.0,1.0,0.0,0.0,0.0,0.0,1.0,0.0,0.0
199,720.0,689.9858293313405,-0.9984025349591908,698.5409252668918,691.1211649178501,696.2628205128204,-0.7925785393346774,698.5391849529777,705.4414809607034,703.5664722555067,0.0,0.0,0.0,0.0,0.0,1.0,0.0,1.0,1.0,0.0,0.0,0.0,0.0,1.0,0.0,0.0
200,700.0,699.2690909090627,0.93713475762287,698.5409252668918,702.1030205355191,696.2628205128204,1.904183806390213,698.5391849529777,697.8611002785186,692.4620288280131,0.0,0.0,0.0,1.0,0.0,0.0,0.0,1.0,0.0,0.0,1.0,0.0,0.0,1.0,0.0,0.0
201,692.0,699.2690909090627,0.9792116552876974,698.5409252668918,702.1030205355191,692.1544016815556,0.2657129545382316,689.4120892789232,674.4057218564246,703.5664722555067,0.0,0.0,0.0,1.0,0.0,0.0,0.0,1.0,0.0,0.0,1.0,0.0,0.0,0.0,1.0,0.0
202,670.0,699.2690909090627,0.8109040646283877,698.5409252668918,702.1030205355191,692.1544016815556,0.2657129545382316,689.4120892789232,674.4057218564246,703.5664722555067,0.0,0.0,0.0,1.0,0.0,0.0,0.0,1.0,0.0,0.0,1.0,0.0,0.0,0.0,1.0,0.0
203,609.0,699.2690909090627,-0.1568645816626426,698.5409252668918,686.5634946466964,696.2628205128204,0.9968128537903314,689.4120892789232,678.7293846351879,703.5664722555067,0.0,0.0,0.0,1.0,0.0,0.0,0.0,1.0,0.0,1.0,0.0,0.0,0.0,1.0,0.0,0.0
204,718.0,699.2690909090627,1.1054423482821796,698.5409252668918,702.1030205355191,692.1544016815556,0.2657129545382316,689.4120892789232,674.4057218564246,703.5664722555067,0.0,0.0,0.0,1.0,0.0,0.0,0.0,1.0,0.0,0.0,1.0,0.0,0.0,0.0,1.0,0.0
205,694.0,699.2690909090627,0.8950578599580425,698.5409252668918,702.1030205355191,692.1544016815556,0.2657129545382316,689.4120892789232,674.4057218564246,703.5664722555067,0.0,0.0,0.0,1.0,0.0,0.0,0.0,1.0,0.0,0.0,1.0,0.0,0.0,0.0,1.0,0.0
206,658.0,699.2690909090627,0.7688271669635603,698.5409252668918,702.1030205355191,692.1544016815556,0.2657129545382316,689.4120892789232,674.4057218564246,703.5664722555067,0.0,0.0,0.0,1.0,0.0,0.0,0.0,1.0,0.0,0.0,1.0,0.0,0.0,0.0,1.0,0.0
207,750.0,699.2690909090627,-0.9984025349591908,685.0244668457999,702.1030205355191,696.2628205128204,-0.966632346728399,698.5391849529777,705.4414809607034,703.5664722555067,0.0,0.0,0.0,1.0,0.0,0.0,1.0,0.0,0.0,0.0,1.0,0.0,0.0,1.0,0.0,0.0
208,723.0,699.2690909090627,1.1895961436118343,698.5409252668918,702.1030205355191,692.1544016815556,0.2657129545382316,689.4120892789232,674.4057218564246,703.5664722555067,0.0,0.0,0.0,1.0,0.0,0.0,0.0,1.0,0.0,0.0,1.0,0.0,0.0,0.0,1.0,0.0
209,728.0,699.2690909090627,1.3158268366063166,698.5409252668918,702.1030205355191,692.1544016815556,0.2657129545382316,689.4120892789232,674.4057218564246,703.5664722555067,0.0,0.0,0.0,1.0,0.0,0.0,0.0,1.0,0.0,0.0,1.0,0.0,0.0,0.0,1.0,0.0
210,650.0,689.9858293313405,-1.33501771627781,698.5409252668918,691.1211649178501,696.2628205128204,-0.870551688719126,698.5391849529777,678.7293846351879,692.4620288280131,0.0,0.0,0.0,0.0,0.0,1.0,0.0,1.0,1.0,0.0,0.0,0.0,0.0,1.0,0.0,0.0
211,750.0,699.2690909090627,0.0114430089966669,685.0244668457999,702.1030205355191,696.2628205128204,0.958158865991216,698.5391849529777,705.3356790415805,692.4620288280131,0.0,0.0,0.0,1.0,0.0,0.0,1.0,0.0,0.0,0.0,1.0,0.0,0.0,1.0,0.0,0.0
212,735.0,699.2690909090627,0.0114430089966669,698.5409252668918,705.865660696275,696.2628205128204,0.3094666080316852,698.5391849529777,711.3898966358639,692.4620288280131,0.0,0.0,0.0,1.0,0.0,0.0,0.0,1.0,0.0,0.0,0.0,1.0,0.0,1.0,0.0,0.0
213,699.0,689.6015306208776,0.7688271669635603,698.5409252668918,702.1030205355191,696.2628205128204,0.8118945412217149,698.5391849529777,705.4414809607034,692.4620288280131,0.0,0.0,0.0,0.0,1.0,0.0,0.0,1.0,0.0,0.0,1.0,0.0,0.0,1.0,0.0,0.0
214,725.0,699.2690909090627,0.3059812926504588,698.5409252668918,705.865660696275,696.2628205128204,0.0363758146899435,698.5391849529777,711.3898966358639,692.4620288280131,0.0,0.0,0.0,1.0,0.0,0.0,0.0,1.0,0.0,0.0,0.0,1.0,0.0,1.0,0.0,0.0
215,740.0,699.2690909090627,0.7267502692987329,698.5409252668918,705.865660696275,692.1544016815556,0.8637041883482537,698.5391849529777,678.7293846351879,703.5664722555067,0.0,0.0,0.0,1.0,0.0,0.0,0.0,1.0,0.0,0.0,0.0,1.0,0.0,0.0,1.0,0.0
216,720.0,699.2690909090627,0.5584426786394233,698.5409252668918,686.5634946466964,696.2628205128204,1.334942861784504,698.5391849529777,705.4414809607034,703.5664722555067,0.0,0.0,0.0,1.0,0.0,0.0,0.0,1.0,0.0,1.0,0.0,0.0,0.0,1.0,0.0,0.0
217,750.0,699.2690909090627,0.8109040646283877,698.5409252668918,705.865660696275,696.2628205128204,-0.3673846735444095,698.5391849529777,692.6055519261394,703.5664722555067,0.0,0.0,0.0,1.0,0.0,0.0,0.0,1.0,0.0,0.0,0.0,1.0,0.0,1.0,0.0,0.0
218,710.0,699.2690909090627,0.2639043949856314,698.5409252668918,705.865660696275,696.2628205128204,0.2874419648880211,698.5391849529777,711.3898966358639,692.4620288280131,0.0,0.0,0.0,1.0,0.0,0.0,0.0,1.0,0.0,0.0,0.0,1.0,0.0,1.0,0.0,0.0
219,725.0,699.2690909090627,0.0955968043263218,698.5409252668918,702.1030205355191,696.2628205128204,-0.6615393034497227,698.5391849529777,697.8611002785186,692.4620288280131,0.0,0.0,0.0,1.0,0.0,0.0,0.0,1.0,0.0,0.0,1.0,0.0,0.0,1.0,0.0,0.0
220,750.0,699.2690909090627,-0.5776335583109167,685.0244668457999,686.5634946466964,696.2628205128204,-0.8143814578829356,698.5391849529777,678.7293846351879,692.4620288280131,0.0,0.0,0.0,1.0,0.0,0.0,1.0,0.0,0.0,1.0,0.0,0.0,0.0,1.0,0.0,0.0
221,750.0,699.2690909090627,0.0535199066614944,698.5409252668918,702.1030205355191,696.2628205128204,-1.0005562098255194,698.5391849529777,705.3356790415805,703.5664722555067,0.0,0.0,0.0,1.0,0.0,0.0,0.0,1.0,0.0,0.0,1.0,0.0,0.0,1.0,0.0,0.0
222,730.0,699.2690909090627,4.261209673144235,698.5409252668918,698.609366397719,696.2628205128204,2.02953211099308,698.5391849529777,697.8611002785186,692.4620288280131,0.0,0.0,0.0,1.0,0.0,0.0,0.0,1.0,0.0,0.0,0.0,0.0,1.0,1.0,0.0,0.0
223,720.0,699.2690909090627,2.115287892238037,685.0244668457999,702.1030205355191,696.2628205128204,0.3487118614185499,698.5391849529777,674.4057218564246,703.5664722555067,0.0,0.0,0.0,1.0,0.0,0.0,1.0,0.0,0.0,0.0,1.0,0.0,0.0,1.0,0.0,0.0
224,720.0,699.2690909090627,-0.4934797629812619,685.0244668457999,702.1030205355191,696.2628205128204,-0.9717320124227374,698.5391849529777,678.7293846351879,692.4620288280131,0.0,0.0,0.0,1.0,0.0,0.0,1.0,0.0,0.0,0.0,1.0,0.0,0.0,1.0,0.0,0.0
225,700.0,699.2690909090627,-0.1147876839978152,685.0244668457999,702.1030205355191,696.2628205128204,-0.612612076063462,698.5391849529777,711.3898966358639,692.4620288280131,0.0,0.0,0.0,1.0,0.0,0.0,1.0,0.0,0.0,0.0,1.0,0.0,0.0,1.0,0.0,0.0
226,750.0,693.5688858409724,0.642596473969078,698.5409252668918,702.1030205355191,692.1544016815556,0.5526245809936149,698.5391849529777,705.3356790415805,692.4620288280131,0.0,0.0,1.0,0.0,0.0,0.0,0.0,1.0,0.0,0.0,1.0,0.0,0.0,0.0,1.0,0.0
227,610.0,689.9858293313405,-1.4191715116074648,685.0244668457999,691.1211649178501,696.2628205128204,-0.8392885207668779,698.5391849529777,697.8611002785186,703.5664722555067,0.0,0.0,0.0,0.0,0.0,1.0,1.0,0.0,1.0,0.0,0.0,0.0,0.0,1.0,0.0,0.0
228,740.0,699.2690909090627,-0.3251721723219523,685.0244668457999,702.1030205355191,696.2628205128204,0.0610611529784798,698.5391849529777,711.3898966358639,692.4620288280131,0.0,0.0,0.0,1.0,0.0,0.0,1.0,0.0,0.0,0.0,1.0,0.0,0.0,1.0,0.0,0.0
229,715.0,699.2690909090627,0.0955968043263218,698.5409252668918,702.1030205355191,696.2628205128204,0.7286739097459907,698.5391849529777,678.7293846351879,703.5664722555067,0.0,0.0,0.0,1.0,0.0,0.0,0.0,1.0,0.0,0.0,1.0,0.0,0.0,1.0,0.0,0.0
230,550.0,699.2690909090627,-0.1147876839978152,685.0244668457999,702.1030205355191,696.2628205128204,1.982378680370068,698.5391849529777,678.7293846351879,692.4620288280131,0.0,0.0,0.0,1.0,0.0,0.0,1.0,0.0,0.0,0.0,1.0,0.0,0.0,1.0,0.0,0.0
231,710.0,699.2690909090627,-0.9984025349591908,698.5409252668918,686.5634946466964,696.2628205128204,-1.1369907441986873,698.5391849529777,678.7293846351879,692.4620288280131,0.0,0.0,0.0,1.0,0.0,0.0,0.0,1.0,0.0,1.0,0.0,0.0,0.0,1.0,0.0,0.0
232,730.0,699.2690909090627,-0.3672490699867796,698.5409252668918,702.1030205355191,696.2628205128204,-0.6360409749780309,698.5391849529777,705.4414809607034,692.4620288280131,0.0,0.0,0.0,1.0,0.0,0.0,0.0,1.0,0.0,0.0,1.0,0.0,0.0,1.0,0.0,0.0
233,750.0,689.9858293313405,-1.545402204601947,698.5409252668918,691.1211649178501,696.2628205128204,-1.1331475178783164,698.5391849529777,700.4685595933847,703.5664722555067,0.0,0.0,0.0,0.0,0.0,1.0,0.0,1.0,1.0,0.0,0.0,0.0,0.0,1.0,0.0,0.0
234,690.0,699.2690909090627,-1.124633227953673,685.0244668457999,686.5634946466964,696.2628205128204,-0.8474923307969005,698.5391849529777,697.8611002785186,703.5664722555067,0.0,0.0,0.0,1.0,0.0,0.0,1.0,0.0,0.0,1.0,0.0,0.0,0.0,1.0,0.0,0.0
235,740.0,699.2690909090627,0.5584426786394233,698.5409252668918,705.865660696275,696.2628205128204,0.3798272129738606,698.5391849529777,711.3898966358639,703.5664722555067,0.0,0.0,0.0,1.0,0.0,0.0,0.0,1.0,0.0,0.0,0.0,1.0,0.0,1.0,0.0,0.0
236,750.0,693.5688858409724,0.2639043949856314,698.5409252668918,686.5634946466964,696.2628205128204,-0.8182985924017752,698.5391849529777,678.7293846351879,703.5664722555067,0.0,0.0,1.0,0.0,0.0,0.0,0.0,1.0,0.0,1.0,0.0,0.0,0.0,1.0,0.0,0.0
237,720.0,699.2690909090627,-0.6617873536405715,685.0244668457999,705.865660696275,696.2628205128204,-0.6299065945051312,698.5391849529777,705.4414809607034,692.4620288280131,0.0,0.0,0.0,1.0,0.0,0.0,1.0,0.0,0.0,0.0,0.0,1.0,0.0,1.0,0.0,0.0
238,740.0,699.2690909090627,-0.7880180466350537,698.5409252668918,702.1030205355191,696.2628205128204,-0.8803814791154593,698.5391849529777,705.4414809607034,692.4620288280131,0.0,0.0,0.0,1.0,0.0,0.0,0.0,1.0,0.0,0.0,1.0,0.0,0.0,1.0,0.0,0.0
239,740.0,699.2690909090627,-0.1147876839978152,698.5409252668918,686.5634946466964,696.2628205128204,-0.9650063663620884,698.5391849529777,705.3356790415805,703.5664722555067,0.0,0.0,0.0,1.0,0.0,0.0,0.0,1.0,0.0,1.0,0.0,0.0,0.0,1.0,0.0,0.0
240,740.0,699.2690909090627,0.0955968043263218,698.5409252668918,702.1030205355191,696.2628205128204,0.7532114316375896,698.5391849529777,705.3356790415805,703.5664722555067,0.0,0.0,0.0,1.0,0.0,0.0,0.0,1.0,0.0,0.0,1.0,0.0,0.0,1.0,0.0,0.0
241,700.0,699.2690909090627,0.6005195763042507,685.0244668457999,702.1030205355191,696.2628205128204,-0.4987934504217077,698.5391849529777,711.3898966358639,692.4620288280131,0.0,0.0,0.0,1.0,0.0,0.0,1.0,0.0,0.0,0.0,1.0,0.0,0.0,1.0,0.0,0.0
242,730.0,699.2690909090627,-1.040479432624018,685.0244668457999,686.5634946466964,696.2628205128204,-1.1780097943488,698.5391849529777,705.4414809607034,703.5664722555067,0.0,0.0,0.0,1.0,0.0,0.0,1.0,0.0,0.0,1.0,0.0,0.0,0.0,1.0,0.0,0.0
243,700.0,689.9858293313405,-1.33501771627781,698.5409252668918,691.1211649178501,696.2628205128204,-0.5172705000388756,698.5391849529777,697.8611002785186,703.5664722555067,0.0,0.0,0.0,0.0,0.0,1.0,0.0,1.0,1.0,0.0,0.0,0.0,0.0,1.0,0.0,0.0
244,600.0,680.8947406545057,5.060670728775956,685.0244668457999,705.865660696275,692.1544016815556,1.3927390729870053,698.5391849529777,674.4057218564246,676.4782674330042,1.0,0.0,0.0,0.0,0.0,0.0,1.0,0.0,0.0,0.0,0.0,1.0,0.0,0.0,1.0,0.0
245,750.0,699.2690909090627,2.07321099457321,698.5409252668918,702.1030205355191,692.1544016815556,0.5732449683663743,698.5391849529777,697.8611002785186,703.5664722555067,0.0,0.0,0.0,1.0,0.0,0.0,0.0,1.0,0.0,0.0,1.0,0.0,0.0,0.0,1.0,0.0
246,749.0,699.2690909090627,-0.914248739629536,698.5409252668918,686.5634946466964,696.2628205128204,-0.7533332859478128,698.5391849529777,705.4414809607034,703.5664722555067,0.0,0.0,0.0,1.0,0.0,0.0,0.0,1.0,0.0,1.0,0.0,0.0,0.0,1.0,0.0,0.0
247,700.0,689.9858293313405,-1.2508639209481551,685.0244668457999,691.1211649178501,696.2628205128204,-1.055987358677023,698.5391849529777,678.7293846351879,703.5664722555067,0.0,0.0,0.0,0.0,0.0,1.0,1.0,0.0,1.0,0.0,0.0,0.0,0.0,1.0,0.0,0.0
248,667.0,699.2690909090627,0.432211985644941,698.5409252668918,686.5634946466964,696.2628205128204,0.331565159373818,698.5391849529777,700.4685595933847,703.5664722555067,0.0,0.0,0.0,1.0,0.0,0.0,0.0,1.0,0.0,1.0,0.0,0.0,0.0,1.0,0.0,0.0
249,725.0,699.2690909090627,-0.6197104559757441,685.0244668457999,686.5634946466964,696.2628205128204,-0.4656825775077428,698.5391849529777,705.3356790415805,703.5664722555067,0.0,0.0,0.0,1.0,0.0,0.0,1.0,0.0,0.0,1.0,0.0,0.0,0.0,1.0,0.0,0.0
250,550.0,689.6015306208776,0.432211985644941,698.5409252668918,705.865660696275,696.2628205128204,2.283480680931436,698.5391849529777,697.8611002785186,692.4620288280131,0.0,0.0,0.0,0.0,1.0,0.0,0.0,1.0,0.0,0.0,0.0,1.0,0.0,1.0,0.0,0.0
251,695.0,699.2690909090627,-0.19894147932747,698.5409252668918,705.865660696275,696.2628205128204,0.2266155175483043,698.5391849529777,711.3898966358639,692.4620288280131,0.0,0.0,0.0,1.0,0.0,0.0,0.0,1.0,0.0,0.0,0.0,1.0,0.0,1.0,0.0,0.0
252,750.0,699.2690909090627,1.9049034039139003,698.5409252668918,705.865660696275,696.2628205128204,0.8951151726974392,698.5391849529777,705.3356790415805,692.4620288280131,0.0,0.0,0.0,1.0,0.0,0.0,0.0,1.0,0.0,0.0,0.0,1.0,0.0,1.0,0.0,0.0
253,699.0,699.2690909090627,-0.3251721723219523,698.5409252668918,686.5634946466964,696.2628205128204,-0.7100230816451713,698.5391849529777,697.8611002785186,703.5664722555067,0.0,0.0,0.0,1.0,0.0,0.0,0.0,1.0,0.0,1.0,0.0,0.0,0.0,1.0,0.0,0.0
254,750.0,689.9858293313405,-1.1667101256185004,698.5409252668918,691.1211649178501,696.2628205128204,-0.8641955836508202,698.5391849529777,702.9558663434241,703.5664722555067,0.0,0.0,0.0,0.0,0.0,1.0,0.0,1.0,1.0,0.0,0.0,0.0,0.0,1.0,0.0,0.0
255,730.0,699.2690909090627,0.8529809622932151,698.5409252668918,705.865660696275,696.2628205128204,1.4098118668332684,698.5391849529777,711.3898966358639,692.4620288280131,0.0,0.0,0.0,1.0,0.0,0.0,0.0,1.0,0.0,0.0,0.0,1.0,0.0,1.0,0.0,0.0
256,710.0,699.2690909090627,-1.2508639209481551,698.5409252668918,686.5634946466964,696.2628205128204,-1.148742147755206,698.5391849529777,678.7293846351879,692.4620288280131,0.0,0.0,0.0,1.0,0.0,0.0,0.0,1.0,0.0,1.0,0.0,0.0,0.0,1.0,0.0,0.0
257,650.0,699.2690909090627,-0.0727107863329878,698.5409252668918,686.5634946466964,696.2628205128204,-0.7963478574565797,698.5391849529777,711.3898966358639,703.5664722555067,0.0,0.0,0.0,1.0,0.0,0.0,0.0,1.0,0.0,1.0,0.0,0.0,0.0,1.0,0.0,0.0
258,600.0,683.4395951889744,0.0114430089966669,685.0244668457999,702.1030205355191,692.1544016815556,0.5230613016061462,687.9872938995301,674.4057218564246,676.4782674330042,0.0,1.0,0.0,0.0,0.0,0.0,1.0,0.0,0.0,0.0,1.0,0.0,0.0,0.0,1.0,0.0
259,740.0,699.2690909090627,-0.7880180466350537,698.5409252668918,702.1030205355191,696.2628205128204,-0.616455302383833,698.5391849529777,697.8611002785186,692.4620288280131,0.0,0.0,0.0,1.0,0.0,0.0,0.0,1.0,0.0,0.0,1.0,0.0,0.0,1.0,0.0,0.0
260,525.0,699.2690909090627,-0.8300949442998812,698.5409252668918,686.5634946466964,696.2628205128204,1.948233092677541,698.5391849529777,697.8611002785186,703.5664722555067,0.0,0.0,0.0,1.0,0.0,0.0,0.0,1.0,0.0,1.0,0.0,0.0,0.0,1.0,0.0,0.0
261,750.0,689.9858293313405,-1.040479432624018,698.5409252668918,691.1211649178501,696.2628205128204,-1.14016879673284,698.5391849529777,711.3898966358639,692.4620288280131,0.0,0.0,0.0,0.0,0.0,1.0,0.0,1.0,1.0,0.0,0.0,0.0,0.0,1.0,0.0,0.0
262,750.0,699.2690909090627,0.6005195763042507,698.5409252668918,705.865660696275,696.2628205128204,0.9272652390313112,698.5391849529777,705.4414809607034,703.5664722555067,0.0,0.0,0.0,1.0,0.0,0.0,0.0,1.0,0.0,0.0,0.0,1.0,0.0,1.0,0.0,0.0
263,710.0,699.2690909090627,0.3901350879801136,698.5409252668918,705.865660696275,696.2628205128204,0.8677691392640307,698.5391849529777,700.5459478522897,703.5664722555067,0.0,0.0,0.0,1.0,0.0,0.0,0.0,1.0,0.0,0.0,0.0,1.0,0.0,1.0,0.0,0.0
264,560.0,689.9858293313405,-0.5776335583109167,698.5409252668918,691.1211649178501,696.2628205128204,-0.9543635857825996,698.5391849529777,678.7293846351879,692.4620288280131,0.0,0.0,0.0,0.0,0.0,1.0,0.0,1.0,1.0,0.0,0.0,0.0,0.0,1.0,0.0,0.0
265,600.0,699.2690909090627,-0.7459411489702263,698.5409252668918,686.5634946466964,696.2628205128204,0.1630544668652467,698.5391849529777,678.7293846351879,692.4620288280131,0.0,0.0,0.0,1.0,0.0,0.0,0.0,1.0,0.0,1.0,0.0,0.0,0.0,1.0,0.0,0.0
266,720.0,699.2690909090627,-0.6617873536405715,698.5409252668918,686.5634946466964,696.2628205128204,-0.968923500880928,698.5391849529777,699.0526121125342,692.4620288280131,0.0,0.0,0.0,1.0,0.0,0.0,0.0,1.0,0.0,1.0,0.0,0.0,0.0,1.0,0.0,0.0
267,750.0,699.2690909090627,0.0114430089966669,698.5409252668918,702.1030205355191,696.2628205128204,-1.042683882952662,698.5391849529777,674.4057218564246,692.4620288280131,0.0,0.0,0.0,1.0,0.0,0.0,0.0,1.0,0.0,0.0,1.0,0.0,0.0,1.0,0.0,0.0
268,750.0,699.2690909090627,-0.7459411489702263,685.0244668457999,686.5634946466964,696.2628205128204,-1.0300455810145193,698.5391849529777,711.3898966358639,703.5664722555067,0.0,0.0,0.0,1.0,0.0,0.0,1.0,0.0,0.0,1.0,0.0,0.0,0.0,1.0,0.0,0.0
269,750.0,689.9858293313405,1.2737499389414892,698.5409252668918,691.1211649178501,696.2628205128204,-0.6999715666534319,698.5391849529777,711.3898966358639,703.5664722555067,0.0,0.0,0.0,0.0,0.0,1.0,0.0,1.0,1.0,0.0,0.0,0.0,0.0,1.0,0.0,0.0
270,650.0,689.9858293313405,-0.6197104559757441,685.0244668457999,691.1211649178501,696.2628205128204,-0.9528115136147576,698.5391849529777,678.7293846351879,703.5664722555067,0.0,0.0,0.0,0.0,0.0,1.0,1.0,0.0,1.0,0.0,0.0,0.0,0.0,1.0,0.0,0.0
271,650.0,699.2690909090627,-0.0306338886681604,698.5409252668918,686.5634946466964,696.2628205128204,0.291063466612986,698.5391849529777,705.4414809607034,703.5664722555067,0.0,0.0,0.0,1.0,0.0,0.0,0.0,1.0,0.0,1.0,0.0,0.0,0.0,1.0,0.0,0.0
272,670.0,699.2690909090627,0.642596473969078,698.5409252668918,702.1030205355191,696.2628205128204,0.7654801925833892,698.5391849529777,697.8611002785186,703.5664722555067,0.0,0.0,0.0,1.0,0.0,0.0,0.0,1.0,0.0,0.0,1.0,0.0,0.0,1.0,0.0,0.0
273,650.0,699.2690909090627,-0.6197104559757441,698.5409252668918,686.5634946466964,696.2628205128204,-0.3189748035474296,689.4120892789232,705.4414809607034,703.5664722555067,0.0,0.0,0.0,1.0,0.0,0.0,0.0,1.0,0.0,1.0,0.0,0.0,0.0,1.0,0.0,0.0
274,750.0,699.2690909090627,-1.1667101256185004,698.5409252668918,686.5634946466964,696.2628205128204,-0.8395841535607526,698.5391849529777,705.4414809607034,703.5664722555067,0.0,0.0,0.0,1.0,0.0,0.0,0.0,1.0,0.0,1.0,0.0,0.0,0.0,1.0,0.0,0.0
275,725.0,699.2690909090627,-0.409325967651607,698.5409252668918,686.5634946466964,696.2628205128204,-0.8229548089053015,684.0522266367509,674.4057218564246,676.4782674330042,0.0,0.0,0.0,1.0,0.0,0.0,0.0,1.0,0.0,1.0,0.0,0.0,0.0,1.0,0.0,0.0
276,620.0,689.9858293313405,-1.6716328975964292,685.0244668457999,691.1211649178501,696.2628205128204,-1.094271805483795,698.5391849529777,705.3356790415805,703.5664722555067,0.0,0.0,0.0,0.0,0.0,1.0,1.0,0.0,1.0,0.0,0.0,0.0,0.0,1.0,0.0,0.0
277,680.0,699.2690909090627,-1.040479432624018,698.5409252668918,686.5634946466964,696.2628205128204,-0.9896917046506246,698.5391849529777,678.7293846351879,692.4620288280131,0.0,0.0,0.0,1.0,0.0,0.0,0.0,1.0,0.0,1.0,0.0,0.0,0.0,1.0,0.0,0.0
278,750.0,699.2690909090627,1.147519245947007,698.5409252668918,705.865660696275,696.2628205128204,-0.3089232885556903,698.5391849529777,678.7293846351879,703.5664722555067,0.0,0.0,0.0,1.0,0.0,0.0,0.0,1.0,0.0,0.0,0.0,1.0,0.0,1.0,0.0,0.0
279,670.0,699.2690909090627,-0.2830952746571248,698.5409252668918,686.5634946466964,696.2628205128204,-0.3189748035474296,689.4120892789232,705.3356790415805,703.5664722555067,0.0,0.0,0.0,1.0,0.0,0.0,0.0,1.0,0.0,1.0,0.0,0.0,0.0,1.0,0.0,0.0
280,600.0,699.2690909090627,0.642596473969078,698.5409252668918,705.865660696275,696.2628205128204,0.8911241299801309,684.0522266367509,674.4057218564246,676.4782674330042,0.0,0.0,0.0,1.0,0.0,0.0,0.0,1.0,0.0,0.0,0.0,1.0,0.0,1.0,0.0,0.0
281,750.0,699.2690909090627,0.432211985644941,698.5409252668918,702.1030205355191,696.2628205128204,-0.3019020097011665,698.5391849529777,711.3898966358639,692.4620288280131,0.0,0.0,0.0,1.0,0.0,0.0,0.0,1.0,0.0,0.0,1.0,0.0,0.0,1.0,0.0,0.0
282,700.0,699.2690909090627,-0.9984025349591908,698.5409252668918,702.1030205355191,696.2628205128204,-0.5302044347708932,698.5391849529777,697.8611002785186,692.4620288280131,0.0,0.0,0.0,1.0,0.0,0.0,0.0,1.0,0.0,0.0,1.0,0.0,0.0,1.0,0.0,0.0
283,695.0,699.2690909090627,-0.0727107863329878,685.0244668457999,686.5634946466964,696.2628205128204,-0.8159335300507776,698.5391849529777,705.3356790415805,703.5664722555067,0.0,0.0,0.0,1.0,0.0,0.0,1.0,0.0,0.0,1.0,0.0,0.0,0.0,1.0,0.0,0.0
284,710.0,699.2690909090627,0.2639043949856314,698.5409252668918,686.5634946466964,696.2628205128204,0.614485743111893,698.5391849529777,705.4414809607034,703.5664722555067,0.0,0.0,0.0,1.0,0.0,0.0,0.0,1.0,0.0,1.0,0.0,0.0,0.0,1.0,0.0,0.0
285,620.0,699.2690909090627,0.8529809622932151,698.5409252668918,702.1030205355191,696.2628205128204,2.4080159953511475,698.5391849529777,705.4414809607034,692.4620288280131,0.0,0.0,0.0,1.0,0.0,0.0,0.0,1.0,0.0,0.0,1.0,0.0,0.0,1.0,0.0,0.0
286,700.0,699.2690909090627,0.8529809622932151,698.5409252668918,705.865660696275,696.2628205128204,1.78918264957296,698.5391849529777,705.3356790415805,692.4620288280131,0.0,0.0,0.0,1.0,0.0,0.0,0.0,1.0,0.0,0.0,0.0,1.0,0.0,1.0,0.0,0.0
287,715.0,699.2690909090627,1.231673041276662,698.5409252668918,705.865660696275,696.2628205128204,1.6715947058093032,698.5391849529777,678.7293846351879,692.4620288280131,0.0,0.0,0.0,1.0,0.0,0.0,0.0,1.0,0.0,0.0,0.0,1.0,0.0,1.0,0.0,0.0
288,750.0,699.2690909090627,-0.409325967651607,698.5409252668918,686.5634946466964,696.2628205128204,-0.4061864777404621,698.5391849529777,705.3356790415805,703.5664722555067,0.0,0.0,0.0,1.0,0.0,0.0,0.0,1.0,0.0,1.0,0.0,0.0,0.0,1.0,0.0,0.0
289,750.0,699.2690909090627,-0.6197104559757441,698.5409252668918,686.5634946466964,696.2628205128204,-0.6114295448879633,698.5391849529777,705.4414809607034,703.5664722555067,0.0,0.0,0.0,1.0,0.0,0.0,0.0,1.0,0.0,1.0,0.0,0.0,0.0,1.0,0.0,0.0
290,550.0,689.9858293313405,-1.4612484092722922,685.0244668457999,691.1211649178501,696.2628205128204,-0.8905069023056673,698.5391849529777,678.7293846351879,692.4620288280131,0.0,0.0,0.0,0.0,0.0,1.0,1.0,0.0,1.0,0.0,0.0,0.0,0.0,1.0,0.0,0.0
291,730.0,699.2690909090627,0.0114430089966669,698.5409252668918,686.5634946466964,696.2628205128204,0.8206896168394868,698.5391849529777,674.4057218564246,692.4620288280131,0.0,0.0,0.0,1.0,0.0,0.0,0.0,1.0,0.0,1.0,0.0,0.0,0.0,1.0,0.0,0.0
292,750.0,689.6015306208776,-0.5776335583109167,698.5409252668918,702.1030205355191,696.2628205128204,-0.9467510413403264,698.5391849529777,711.3898966358639,703.5664722555067,0.0,0.0,0.0,0.0,1.0,0.0,0.0,1.0,0.0,0.0,1.0,0.0,0.0,1.0,0.0,0.0
293,700.0,699.2690909090627,-0.6197104559757441,698.5409252668918,686.5634946466964,696.2628205128204,-0.2078168730505475,698.5391849529777,678.7293846351879,692.4620288280131,0.0,0.0,0.0,1.0,0.0,0.0,0.0,1.0,0.0,1.0,0.0,0.0,0.0,1.0,0.0,0.0
294,680.0,699.2690909090627,1.0633654506173522,698.5409252668918,702.1030205355191,696.2628205128204,-0.2509792609562517,687.9872938995301,678.7293846351879,703.5664722555067,0.0,0.0,0.0,1.0,0.0,0.0,0.0,1.0,0.0,0.0,1.0,0.0,0.0,1.0,0.0,0.0
295,600.0,699.2690909090627,-1.33501771627781,685.0244668457999,686.5634946466964,696.2628205128204,-0.9076536043503992,698.5391849529777,711.3898966358639,692.4620288280131,0.0,0.0,0.0,1.0,0.0,0.0,1.0,0.0,0.0,1.0,0.0,0.0,0.0,1.0,0.0,0.0
296,750.0,699.2690909090627,0.8529809622932151,698.5409252668918,702.1030205355191,696.2628205128204,1.0566045863514868,698.5391849529777,705.3356790415805,692.4620288280131,0.0,0.0,0.0,1.0,0.0,0.0,0.0,1.0,0.0,0.0,1.0,0.0,0.0,1.0,0.0,0.0
297,700.0,699.2690909090627,0.0955968043263218,698.5409252668918,686.5634946466964,696.2628205128204,-0.2704171171535123,698.5391849529777,705.4414809607034,703.5664722555067,0.0,0.0,0.0,1.0,0.0,0.0,0.0,1.0,0.0,1.0,0.0,0.0,0.0,1.0,0.0,0.0
298,690.0,699.2690909090627,0.7267502692987329,698.5409252668918,702.1030205355191,696.2628205128204,-0.6959066157376549,698.5391849529777,678.7293846351879,703.5664722555067,0.0,0.0,0.0,1.0,0.0,0.0,0.0,1.0,0.0,0.0,1.0,0.0,0.0,1.0,0.0,0.0
299,700.0,699.2690909090627,-0.409325967651607,698.5409252668918,686.5634946466964,696.2628205128204,-0.6544441163967302,698.5391849529777,678.7293846351879,692.4620288280131,0.0,0.0,0.0,1.0,0.0,0.0,0.0,1.0,0.0,1.0,0.0,0.0,0.0,1.0,0.0,0.0
300,750.0,699.2690909090627,1.147519245947007,698.5409252668918,702.1030205355191,696.2628205128204,-0.216242407675976,698.5391849529777,700.5459478522897,703.5664722555067,0.0,0.0,0.0,1.0,0.0,0.0,0.0,1.0,0.0,0.0,1.0,0.0,0.0,1.0,0.0,0.0
301,735.0,699.2690909090627,-0.3672490699867796,698.5409252668918,686.5634946466964,696.2628205128204,-0.1977653580588081,698.5391849529777,711.3898966358639,703.5664722555067,0.0,0.0,0.0,1.0,0.0,0.0,0.0,1.0,0.0,1.0,0.0,0.0,0.0,1.0,0.0,0.0
302,700.0,699.2690909090627,0.8529809622932151,698.5409252668918,705.865660696275,696.2628205128204,0.0796860189925851,698.5391849529777,700.5459478522897,703.5664722555067,0.0,0.0,0.0,1.0,0.0,0.0,0.0,1.0,0.0,0.0,0.0,1.0,0.0,1.0,0.0,0.0
303,725.0,699.2690909090627,0.642596473969078,698.5409252668918,705.865660696275,696.2628205128204,-0.0333935246644824,698.5391849529777,674.4057218564246,692.4620288280131,0.0,0.0,0.0,1.0,0.0,0.0,0.0,1.0,0.0,0.0,0.0,1.0,0.0,1.0,0.0,0.0
304,733.0,699.2690909090627,0.3648889493812174,698.5409252668918,702.1030205355191,696.2628205128204,0.8752338673093665,698.5391849529777,705.4414809607034,703.5664722555067,0.0,0.0,0.0,1.0,0.0,0.0,0.0,1.0,0.0,0.0,1.0,0.0,0.0,1.0,0.0,0.0
305,750.0,699.2690909090627,-0.9984025349591908,698.5409252668918,686.5634946466964,696.2628205128204,-0.9210309882732288,698.5391849529777,678.7293846351879,703.5664722555067,0.0,0.0,0.0,1.0,0.0,0.0,0.0,1.0,0.0,1.0,0.0,0.0,0.0,1.0,0.0,0.0
306,675.0,699.2690909090627,0.3901350879801136,698.5409252668918,702.1030205355191,696.2628205128204,-0.8161552546461837,698.5391849529777,678.7293846351879,692.4620288280131,0.0,0.0,0.0,1.0,0.0,0.0,0.0,1.0,0.0,0.0,1.0,0.0,0.0,1.0,0.0,0.0
307,650.0,699.2690909090627,1.0633654506173522,698.5409252668918,702.1030205355191,696.2628205128204,1.9487504500668216,698.5391849529777,705.4414809607034,692.4620288280131,0.0,0.0,0.0,1.0,0.0,0.0,0.0,1.0,0.0,0.0,1.0,0.0,0.0,1.0,0.0,0.0
308,730.0,699.2690909090627,-0.3251721723219523,698.5409252668918,686.5634946466964,696.2628205128204,-0.7996737263876699,698.5391849529777,678.7293846351879,703.5664722555067,0.0,0.0,0.0,1.0,0.0,0.0,0.0,1.0,0.0,1.0,0.0,0.0,0.0,1.0,0.0,0.0
309,700.0,699.2690909090627,1.568288222595281,698.5409252668918,686.5634946466964,696.2628205128204,0.584331198136675,698.5391849529777,678.7293846351879,703.5664722555067,0.0,0.0,0.0,1.0,0.0,0.0,0.0,1.0,0.0,1.0,0.0,0.0,0.0,1.0,0.0,0.0
310,690.0,689.9858293313405,-0.914248739629536,685.0244668457999,691.1211649178501,696.2628205128204,-0.8056602904636323,698.5391849529777,705.4414809607034,703.5664722555067,0.0,0.0,0.0,0.0,0.0,1.0,1.0,0.0,1.0,0.0,0.0,0.0,0.0,1.0,0.0,0.0
311,700.0,699.2690909090627,0.432211985644941,698.5409252668918,702.1030205355191,696.2628205128204,1.956141269913689,698.5391849529777,705.3356790415805,692.4620288280131,0.0,0.0,0.0,1.0,0.0,0.0,0.0,1.0,0.0,0.0,1.0,0.0,0.0,1.0,0.0,0.0
312,600.0,693.5688858409724,1.231673041276662,698.5409252668918,702.1030205355191,692.1544016815556,2.0528131935107115,698.5391849529777,705.4414809607034,692.4620288280131,0.0,0.0,1.0,0.0,0.0,0.0,0.0,1.0,0.0,0.0,1.0,0.0,0.0,0.0,1.0,0.0
313,700.0,689.9858293313405,-1.4612484092722922,685.0244668457999,691.1211649178501,696.2628205128204,-1.1831094600431382,698.5391849529777,678.7293846351879,692.4620288280131,0.0,0.0,0.0,0.0,0.0,1.0,1.0,0.0,1.0,0.0,0.0,0.0,0.0,1.0,0.0,0.0
314,690.0,699.2690909090627,0.0114430089966669,698.5409252668918,702.1030205355191,696.2628205128204,0.9095272713988302,698.5391849529777,678.7293846351879,692.4620288280131,0.0,0.0,0.0,1.0,0.0,0.0,0.0,1.0,0.0,0.0,1.0,0.0,0.0,1.0,0.0,0.0
315,750.0,693.5688858409724,2.283595482897347,698.5409252668918,705.865660696275,702.9558663434241,0.8425664435862137,698.5391849529777,705.3356790415805,692.4620288280131,0.0,0.0,1.0,0.0,0.0,0.0,0.0,1.0,0.0,0.0,0.0,1.0,0.0,0.0,0.0,1.0
316,700.0,689.9858293313405,-0.3672490699867796,698.5409252668918,691.1211649178501,696.2628205128204,-0.608103675956873,698.5391849529777,678.7293846351879,692.4620288280131,0.0,0.0,0.0,0.0,0.0,1.0,0.0,1.0,1.0,0.0,0.0,0.0,0.0,1.0,0.0,0.0
317,670.0,699.2690909090627,0.0535199066614944,698.5409252668918,686.5634946466964,696.2628205128204,1.3626584362102558,698.5391849529777,678.7293846351879,703.5664722555067,0.0,0.0,0.0,1.0,0.0,0.0,0.0,1.0,0.0,1.0,0.0,0.0,0.0,1.0,0.0,0.0
318,750.0,699.2690909090627,0.8529809622932151,698.5409252668918,702.1030205355191,696.2628205128204,0.6198071334016374,698.5391849529777,711.3898966358639,703.5664722555067,0.0,0.0,0.0,1.0,0.0,0.0,0.0,1.0,0.0,0.0,1.0,0.0,0.0,1.0,0.0,0.0
319,740.0,689.9858293313405,-1.124633227953673,698.5409252668918,691.1211649178501,696.2628205128204,-0.619115997528705,698.5391849529777,678.7293846351879,703.5664722555067,0.0,0.0,0.0,0.0,0.0,1.0,0.0,1.0,1.0,0.0,0.0,0.0,0.0,1.0,0.0,0.0
320,750.0,699.2690909090627,2.115287892238037,698.5409252668918,698.609366397719,692.1544016815556,0.8334757351745671,698.5391849529777,705.3356790415805,692.4620288280131,0.0,0.0,0.0,1.0,0.0,0.0,0.0,1.0,0.0,0.0,0.0,0.0,1.0,0.0,1.0,0.0
321,750.0,699.2690909090627,0.0955968043263218,698.5409252668918,702.1030205355191,696.2628205128204,-0.812681569318156,698.5391849529777,697.8611002785186,692.4620288280131,0.0,0.0,0.0,1.0,0.0,0.0,0.0,1.0,0.0,0.0,1.0,0.0,0.0,1.0,0.0,0.0
322,750.0,689.9858293313405,0.432211985644941,698.5409252668918,691.1211649178501,696.2628205128204,-0.031471911504297,698.5391849529777,678.7293846351879,703.5664722555067,0.0,0.0,0.0,0.0,0.0,1.0,0.0,1.0,1.0,0.0,0.0,0.0,0.0,1.0,0.0,0.0
323,650.0,689.9858293313405,-1.33501771627781,698.5409252668918,691.1211649178501,696.2628205128204,-0.8351496616526323,698.5391849529777,678.7293846351879,692.4620288280131,0.0,0.0,0.0,0.0,0.0,1.0,0.0,1.0,1.0,0.0,0.0,0.0,0.0,1.0,0.0,0.0
324,625.0,699.2690909090627,-0.3672490699867796,698.5409252668918,686.5634946466964,696.2628205128204,0.614264018516487,698.5391849529777,705.4414809607034,703.5664722555067,0.0,0.0,0.0,1.0,0.0,0.0,0.0,1.0,0.0,1.0,0.0,0.0,0.0,1.0,0.0,0.0
325,700.0,699.2690909090627,-1.040479432624018,698.5409252668918,686.5634946466964,696.2628205128204,-1.0667040474549805,698.5391849529777,678.7293846351879,703.5664722555067,0.0,0.0,0.0,1.0,0.0,0.0,0.0,1.0,0.0,1.0,0.0,0.0,0.0,1.0,0.0,0.0
326,750.0,699.2690909090627,1.4841344272656265,698.5409252668918,702.1030205355191,692.1544016815556,1.0391622515128802,698.5391849529777,705.3356790415805,692.4620288280131,0.0,0.0,0.0,1.0,0.0,0.0,0.0,1.0,0.0,0.0,1.0,0.0,0.0,0.0,1.0,0.0
327,600.0,689.9858293313405,-1.4612484092722922,685.0244668457999,691.1211649178501,696.2628205128204,-0.952441972622414,698.5391849529777,678.7293846351879,692.4620288280131,0.0,0.0,0.0,0.0,0.0,1.0,1.0,0.0,1.0,0.0,0.0,0.0,0.0,1.0,0.0,0.0
328,750.0,699.2690909090627,1.231673041276662,698.5409252668918,702.1030205355191,692.1544016815556,-0.2823902453054371,698.5391849529777,705.4414809607034,703.5664722555067,0.0,0.0,0.0,1.0,0.0,0.0,0.0,1.0,0.0,0.0,1.0,0.0,0.0,0.0,1.0,0.0
329,700.0,699.2690909090627,-0.19894147932747,698.5409252668918,686.5634946466964,696.2628205128204,1.1311779586063764,698.5391849529777,705.3356790415805,703.5664722555067,0.0,0.0,0.0,1.0,0.0,0.0,0.0,1.0,0.0,1.0,0.0,0.0,0.0,1.0,0.0,0.0
330,750.0,699.2690909090627,1.2737499389414892,698.5409252668918,705.865660696275,692.1544016815556,0.8896459660107575,698.5391849529777,705.4414809607034,703.5664722555067,0.0,0.0,0.0,1.0,0.0,0.0,0.0,1.0,0.0,0.0,0.0,1.0,0.0,0.0,1.0,0.0
331,750.0,699.2690909090627,-0.4934797629812619,698.5409252668918,702.1030205355191,696.2628205128204,-0.7292392132470258,698.5391849529777,705.4414809607034,703.5664722555067,0.0,0.0,0.0,1.0,0.0,0.0,0.0,1.0,0.0,0.0,1.0,0.0,0.0,1.0,0.0,0.0
332,625.0,699.2690909090627,-0.1147876839978152,698.5409252668918,702.1030205355191,696.2628205128204,1.99169111337712,698.5391849529777,678.7293846351879,692.4620288280131,0.0,0.0,0.0,1.0,0.0,0.0,0.0,1.0,0.0,0.0,1.0,0.0,0.0,1.0,0.0,0.0
333,750.0,699.2690909090627,-0.5776335583109167,698.5409252668918,686.5634946466964,696.2628205128204,-0.042262508480723,698.5391849529777,705.3356790415805,692.4620288280131,0.0,0.0,0.0,1.0,0.0,0.0,0.0,1.0,0.0,1.0,0.0,0.0,0.0,1.0,0.0,0.0
334,695.0,699.2690909090627,-0.0306338886681604,698.5409252668918,686.5634946466964,696.2628205128204,-0.5989390593467577,698.5391849529777,711.3898966358639,703.5664722555067,0.0,0.0,0.0,1.0,0.0,0.0,0.0,1.0,0.0,1.0,0.0,0.0,0.0,1.0,0.0,0.0
335,720.0,699.2690909090627,-0.0727107863329878,698.5409252668918,702.1030205355191,696.2628205128204,-0.2400408475828883,698.5391849529777,678.7293846351879,692.4620288280131,0.0,0.0,0.0,1.0,0.0,0.0,0.0,1.0,0.0,0.0,1.0,0.0,0.0,1.0,0.0,0.0
336,745.0,699.2690909090627,0.5584426786394233,698.5409252668918,702.1030205355191,696.2628205128204,0.8943760907127525,698.5391849529777,705.4414809607034,703.5664722555067,0.0,0.0,0.0,1.0,0.0,0.0,0.0,1.0,0.0,0.0,1.0,0.0,0.0,1.0,0.0,0.0
337,720.0,699.2690909090627,0.4153812265790098,698.5409252668918,702.1030205355191,696.2628205128204,0.8813682477822663,698.5391849529777,705.4414809607034,703.5664722555067,0.0,0.0,0.0,1.0,0.0,0.0,0.0,1.0,0.0,0.0,1.0,0.0,0.0,1.0,0.0,0.0
338,750.0,699.2690909090627,-0.19894147932747,698.5409252668918,702.1030205355191,696.2628205128204,-0.6826770482117627,698.5391849529777,705.3356790415805,692.4620288280131,0.0,0.0,0.0,1.0,0.0,0.0,0.0,1.0,0.0,0.0,1.0,0.0,0.0,1.0,0.0,0.0
339,720.0,689.9858293313405,-0.4934797629812619,698.5409252668918,691.1211649178501,696.2628205128204,-0.8049212084789455,698.5391849529777,705.3356790415805,703.5664722555067,0.0,0.0,0.0,0.0,0.0,1.0,0.0,1.0,1.0,0.0,0.0,0.0,0.0,1.0,0.0,0.0
340,725.0,689.9858293313405,-0.6617873536405715,685.0244668457999,691.1211649178501,696.2628205128204,-1.1499246789307047,698.5391849529777,700.4685595933847,703.5664722555067,0.0,0.0,0.0,0.0,0.0,1.0,1.0,0.0,1.0,0.0,0.0,0.0,0.0,1.0,0.0,0.0
341,750.0,699.2690909090627,0.8529809622932151,685.0244668457999,702.1030205355191,696.2628205128204,-0.642101447252462,698.5391849529777,700.5459478522897,703.5664722555067,0.0,0.0,0.0,1.0,0.0,0.0,1.0,0.0,0.0,0.0,1.0,0.0,0.0,1.0,0.0,0.0
342,550.0,699.2690909090627,1.1054423482821796,698.5409252668918,702.1030205355191,696.2628205128204,2.272616175756541,698.5391849529777,705.3356790415805,703.5664722555067,0.0,0.0,0.0,1.0,0.0,0.0,0.0,1.0,0.0,0.0,1.0,0.0,0.0,1.0,0.0,0.0
343,640.0,699.2690909090627,0.3901350879801136,698.5409252668918,702.1030205355191,696.2628205128204,0.9321431801302436,698.5391849529777,705.4414809607034,703.5664722555067,0.0,0.0,0.0,1.0,0.0,0.0,0.0,1.0,0.0,0.0,1.0,0.0,0.0,1.0,0.0,0.0
344,700.0,699.2690909090627,-0.2410183769922974,698.5409252668918,686.5634946466964,696.2628205128204,-0.3727060638341539,698.5391849529777,705.3356790415805,703.5664722555067,0.0,0.0,0.0,1.0,0.0,0.0,0.0,1.0,0.0,1.0,0.0,0.0,0.0,1.0,0.0,0.0
345,700.0,699.2690909090627,-0.0306338886681604,698.5409252668918,686.5634946466964,696.2628205128204,-0.6777251989143617,698.5391849529777,700.0446344160715,703.5664722555067,0.0,0.0,0.0,1.0,0.0,0.0,0.0,1.0,0.0,1.0,0.0,0.0,0.0,1.0,0.0,0.0
346,700.0,699.2690909090627,0.642596473969078,698.5409252668918,702.1030205355191,696.2628205128204,1.0095989721254115,698.5391849529777,705.3356790415805,692.4620288280131,0.0,0.0,0.0,1.0,0.0,0.0,0.0,1.0,0.0,0.0,1.0,0.0,0.0,1.0,0.0,0.0
347,695.0,699.2690909090627,0.0955968043263218,685.0244668457999,702.1030205355191,696.2628205128204,-0.1135839200029911,698.5391849529777,697.8611002785186,692.4620288280131,0.0,0.0,0.0,1.0,0.0,0.0,1.0,0.0,0.0,0.0,1.0,0.0,0.0,1.0,0.0,0.0
